id,generation_time_seconds,iterations,n_entities_pinned
0,1.742,6,9
1,0.782,4,8
2,0.894,4,10
3,1.111,6,10
4,0.713,4,8
5,4.561,23,5
6,1.25,4,8
7,2.424,6,9
8,1.346,6,9
9,2.86,6,10
10,3.825,6,12
11,1.439,6,11
12,1.189,6,10
13,1.342,4,11
14,3.043,6,12
15,5.846,29,8
16,1.907,4,6
17,1.416,6,8
18,2.867,6,8
19,1.151,4,8
20,1.13,4,10
21,2.438,6,8
22,3.107,6,11
23,2.043,6,10
24,2.26,4,13
25,3.114,6,10
26,3.436,17,10
27,1.212,6,11
28,3.85,6,10
29,1.42,6,11
30,2.395,6,10
31,1.133,4,10
32,1.266,4,9
33,2.063,6,10
34,1.748,6,11
35,1.392,6,10
36,1.376,4,11
37,3.147,6,9
38,1.905,6,10
39,3.179,6,8
40,7.669,41,10
41,2.894,6,9
42,0.977,4,11
43,0.933,4,12
44,1.736,6,8
45,1.94,4,9
46,1.61,4,11
47,5.277,26,10
48,2.407,6,7
49,1.129,6,8
50,2.438,6,10
51,1.425,6,8
52,1.738,6,9
53,1.237,4,10
54,1.872,6,9
55,2.449,6,8
56,1.157,4,10
57,1.149,6,10
58,2.394,6,9
59,0.0,0,0
60,1.582,4,11
61,1.887,6,11
62,2.08,6,9
63,1.689,6,12
64,1.364,6,5
65,3.637,6,6
66,1.239,4,8
67,1.112,4,6
68,2.421,6,9
69,3.071,6,8
70,6.273,31,9
71,2.394,6,9
72,1.882,6,9
73,2.026,6,10
74,1.226,6,13
75,1.135,4,10
76,1.134,4,10
77,0.934,4,8
78,2.417,6,11
79,1.894,6,10
80,1.662,6,10
81,1.352,6,10
82,1.896,6,11
83,1.89,6,11
84,1.652,6,9
85,1.675,6,7
86,2.828,6,9
87,1.894,6,7
88,1.144,4,11
89,1.125,4,9
90,2.363,6,9
91,0.927,4,10
92,1.134,4,9
93,2.365,6,8
94,2.586,6,11
95,1.706,6,10
96,1.196,6,10
97,1.657,6,9
98,1.315,4,12
99,2.432,6,10
100,1.331,4,11
101,1.231,4,9
102,2.366,6,11
103,2.603,6,8
104,3.245,4,11
105,1.4,6,9
106,4.327,6,8
107,0.902,4,7
108,2.359,6,8
109,0.785,4,7
110,1.099,6,12
111,1.116,6,11
112,1.385,6,8
113,1.4,6,8
114,1.326,6,10
115,1.977,6,9
116,2.419,6,9
117,1.354,6,11
118,0.912,4,9
119,3.132,6,14
120,1.609,4,9
121,4.287,6,11
122,2.592,6,11
123,1.145,4,9
124,1.402,6,10
125,1.405,6,9
126,0.879,4,9
127,0.915,4,9
128,1.661,6,8
129,2.401,6,8
130,1.216,6,10
131,1.129,4,7
132,1.144,4,11
133,0.929,4,9
134,1.614,4,13
135,1.111,6,11
136,1.824,4,11
137,1.101,6,11
138,0.894,4,10
139,6.254,31,11
140,1.344,6,10
141,0.786,4,8
142,1.698,6,11
143,0.994,6,8
144,1.651,6,10
145,2.025,6,7
146,1.383,6,12
147,3.126,6,9
148,1.592,4,8
149,0.893,4,10
150,0.793,4,10
151,1.349,6,9
152,1.656,6,9
153,4.503,24,8
154,1.861,6,9
155,2.383,6,7
156,4.348,6,11
157,1.363,6,10
158,1.112,4,9
159,2.032,4,9
160,1.394,6,8
161,1.435,6,11
162,7.087,35,8
163,1.379,6,8
164,1.123,6,9
165,2.86,6,8
166,2.631,6,9
167,8.432,42,8
168,1.723,4,8
169,1.966,6,11
170,1.605,4,7
171,1.19,6,10
172,1.672,6,11
173,0.788,4,8
174,1.35,6,11
175,1.666,6,12
176,2.598,6,11
177,1.707,6,11
178,1.192,6,10
179,0.925,4,12
180,1.145,4,9
181,1.868,6,10
182,0.79,4,11
183,3.767,19,6
184,1.433,6,11
185,2.407,6,10
186,1.322,6,11
187,1.122,6,11
188,1.611,4,8
189,1.103,4,9
190,1.407,6,7
191,1.697,6,9
192,1.988,6,9
193,1.239,4,11
194,2.344,6,11
195,2.289,4,11
196,1.646,6,8
197,1.613,4,6
198,0.963,4,15
199,1.964,6,9
200,1.985,6,8
201,1.377,6,10
202,2.363,4,11
203,1.438,6,11
204,1.365,6,10
205,1.883,6,8
206,1.128,6,11
207,2.774,6,9
208,1.322,6,11
209,1.828,6,12
210,1.648,6,11
211,1.201,6,10
212,1.208,6,10
213,1.225,4,10
214,1.14,4,12
215,0.908,4,11
216,1.132,4,9
217,1.853,6,10
218,2.41,6,12
219,1.146,4,11
220,1.715,4,11
221,2.344,6,9
222,2.605,6,10
223,0.878,4,12
224,1.351,6,11
225,1.71,6,11
226,1.349,6,10
227,1.209,6,8
228,1.383,6,10
229,1.11,4,11
230,2.369,6,8
231,1.571,4,9
232,1.249,4,10
233,1.205,6,8
234,1.146,4,11
235,1.706,6,10
236,1.694,6,9
237,1.715,4,9
238,7.061,38,11
239,1.099,4,8
240,1.21,6,10
241,1.878,6,10
242,1.83,6,13
243,1.666,6,10
244,2.685,6,12
245,2.572,6,7
246,1.866,6,9
247,1.839,6,9
248,2.764,6,11
249,0.789,4,8
250,1.192,6,10
251,1.356,4,10
252,1.705,6,13
253,2.394,6,11
254,1.862,6,9
255,2.668,6,12
256,1.242,4,7
257,0.795,4,5
258,1.088,4,9
259,1.129,4,8
260,1.345,4,9
261,1.129,6,9
262,1.849,6,9
263,2.377,6,9
264,1.093,4,11
265,1.318,6,11
266,1.328,6,10
267,0.917,4,8
268,2.506,4,10
269,3.371,6,8
270,7.143,36,12
271,2.382,6,10
272,2.244,4,12
273,1.605,4,8
274,0.723,4,7
275,1.203,6,9
276,2.041,6,11
277,1.146,4,11
278,1.333,4,9
279,2.337,4,8
280,0.891,4,8
281,2.417,6,8
282,1.684,6,10
283,1.637,6,8
284,2.02,6,10
285,1.215,6,11
286,2.024,6,11
287,1.73,4,7
288,1.655,6,8
289,1.353,4,10
290,1.861,6,10
291,1.652,6,10
292,2.599,6,6
293,1.637,6,11
294,1.252,4,12
295,0.786,4,10
296,1.589,4,10
297,1.113,4,8
298,1.88,6,9
299,1.712,6,8
300,1.217,4,10
301,1.443,6,9
302,6.036,30,10
303,1.955,6,8
304,1.124,6,9
305,1.126,4,8
306,0.783,4,9
307,1.207,6,10
308,2.037,6,11
309,3.863,6,10
310,2.346,6,8
311,2.019,6,9
312,1.667,6,8
313,2.866,6,8
314,3.037,6,12
315,2.85,6,8
316,1.101,4,7
317,1.652,6,10
318,1.649,6,9
319,5.291,28,9
320,2.849,6,9
321,3.534,6,8
322,4.204,6,10
323,1.695,6,11
324,0.966,4,8
325,1.107,4,10
326,1.227,4,9
327,2.046,6,9
328,1.096,4,11
329,1.221,4,9
330,1.859,6,10
331,0.961,4,8
332,1.395,6,10
333,1.443,6,11
334,1.102,4,9
335,1.099,4,9
336,1.146,4,10
337,1.23,4,8
338,1.12,6,9
339,1.75,4,10
340,1.126,6,11
341,1.713,6,9
342,4.536,23,10
343,2.112,4,9
344,0.914,4,9
345,1.888,6,11
346,1.237,4,6
347,2.029,6,10
348,0.934,4,11
349,1.886,6,11
350,1.829,6,9
351,2.369,6,8
352,1.833,6,11
353,1.243,4,7
354,2.24,4,11
355,1.877,6,11
356,1.117,4,9
357,1.872,6,10
358,1.671,6,10
359,0.796,4,10
360,1.138,4,9
361,3.365,6,7
362,0.922,4,8
363,1.848,4,9
364,0.905,4,8
365,1.126,6,9
366,1.567,4,8
367,1.118,4,11
368,0.926,4,8
369,1.713,6,11
370,1.26,4,10
371,0.906,4,6
372,1.117,4,11
373,1.849,6,9
374,1.69,6,7
375,0.784,4,8
376,1.126,6,7
377,1.203,6,7
378,1.735,4,6
379,2.575,6,8
380,6.205,33,9
381,2.71,6,10
382,1.337,4,10
383,1.104,6,10
384,1.835,6,10
385,2.043,6,13
386,1.366,6,10
387,12.823,64,4
388,1.833,6,10
389,1.692,6,11
390,2.36,6,9
391,1.328,6,4
392,2.781,6,12
393,1.841,6,9
394,1.346,6,7
395,2.047,6,12
396,1.135,6,6
397,1.685,7,9
398,1.347,6,10
399,1.11,6,9
400,1.186,6,10
401,0.903,4,5
402,3.031,6,9
403,2.04,6,8
404,1.365,6,10
405,1.101,4,8
406,1.963,6,11
407,1.349,6,9
408,2.735,4,12
409,0.794,4,10
410,1.198,6,8
411,5.162,26,12
412,2.402,6,10
413,1.213,6,11
414,1.705,6,10
415,7.063,35,11
416,0.96,4,11
417,1.346,6,12
418,2.812,6,10
419,1.621,7,12
420,6.1,31,8
421,1.369,6,9
422,5.599,28,11
423,1.332,4,9
424,1.877,6,11
425,6.781,34,11
426,1.655,6,10
427,2.399,6,10
428,1.875,6,10
429,1.189,6,6
430,1.222,4,8
431,1.852,6,8
432,1.71,6,10
433,1.383,6,11
434,1.742,4,8
435,0.789,4,9
436,2.569,6,11
437,1.381,6,10
438,1.584,4,10
439,1.393,6,6
440,1.366,6,9
441,2.422,6,10
442,2.379,6,9
443,0.743,4,8
444,3.912,6,9
445,1.098,4,10
446,0.941,4,10
447,1.15,4,8
448,1.662,6,10
449,2.565,6,12
450,1.753,4,7
451,4.699,26,10
452,4.376,22,9
453,1.845,6,10
454,1.215,4,9
455,1.214,4,10
456,2.027,6,9
457,2.07,4,10
458,3.868,6,9
459,1.242,4,10
460,1.222,4,11
461,1.651,6,10
462,1.398,6,11
463,4.798,24,10
464,2.349,6,10
465,1.15,4,9
466,6.2,33,7
467,1.387,6,11
468,1.27,7,11
469,1.831,6,11
470,2.863,6,12
471,1.377,6,9
472,1.103,4,7
473,0.746,4,10
474,0.721,4,4
475,0.921,4,10
476,1.66,6,11
477,1.86,6,10
478,1.343,6,9
479,1.993,6,9
480,3.948,6,11
481,6.381,35,8
482,1.711,6,12
483,1.139,4,9
484,3.798,19,10
485,1.594,4,10
486,1.194,6,10
487,2.614,6,9
488,1.255,4,10
489,0.889,4,9
490,0.957,4,11
491,2.363,6,9
492,3.727,6,10
493,1.237,4,10
494,1.323,6,9
495,2.355,6,10
496,1.331,6,10
497,0.793,4,10
498,1.883,6,9
499,3.342,6,11
500,1.339,6,7
501,1.673,6,7
502,1.191,6,8
503,0.789,4,10
504,1.715,6,8
505,0.787,4,10
506,7.338,39,10
507,1.841,6,9
508,1.571,4,7
509,2.139,4,9
510,1.565,4,7
511,1.217,4,9
512,1.675,6,10
513,1.719,4,11
514,1.345,6,9
515,1.689,6,11
516,1.091,6,9
517,0.782,4,7
518,1.316,6,10
519,0.784,4,11
520,1.71,6,10
521,2.625,6,9
522,1.862,6,8
523,1.971,6,9
524,3.827,6,10
525,2.837,6,10
526,1.234,4,9
527,1.852,4,10
528,1.57,4,9
529,1.963,6,8
530,1.653,6,12
531,1.14,4,9
532,2.768,6,9
533,1.108,6,8
534,2.404,6,11
535,1.388,6,9
536,1.306,4,9
537,1.103,6,6
538,1.749,4,8
539,8.438,45,8
540,1.438,6,9
541,1.243,4,12
542,1.751,4,9
543,3.348,6,10
544,1.648,6,8
545,1.569,4,10
546,2.619,6,9
547,1.675,6,8
548,2.397,6,8
549,4.811,24,8
550,2.054,4,9
551,1.128,4,9
552,1.828,6,7
553,1.361,6,10
554,1.103,6,10
555,1.346,6,8
556,1.873,6,9
557,1.364,6,6
558,1.855,6,10
559,1.203,6,10
560,2.027,6,9
561,2.832,6,8
562,0.783,4,2
563,2.355,6,9
564,1.593,4,8
565,3.426,6,12
566,1.321,4,10
567,2.249,4,14
568,4.845,26,6
569,6.251,31,11
570,1.117,4,10
571,1.122,6,9
572,0.912,4,9
573,1.87,6,11
574,1.646,6,9
575,6.377,32,10
576,1.252,4,10
577,0.787,4,10
578,5.317,27,5
579,0.717,4,10
580,1.331,6,9
581,0.884,4,7
582,1.239,4,12
583,1.883,6,9
584,2.357,6,10
585,2.48,6,9
586,1.135,6,10
587,2.78,6,10
588,1.881,6,9
589,1.819,6,8
590,0.908,4,10
591,0.791,4,8
592,1.109,4,11
593,2.779,4,14
594,1.242,4,9
595,1.102,4,9
596,1.844,6,9
597,3.058,6,8
598,0.922,4,10
599,1.745,4,8
600,1.712,6,8
601,1.648,6,10
602,1.242,4,11
603,1.764,8,10
604,1.193,6,7
605,5.985,30,11
606,1.444,6,8
607,2.833,6,10
608,2.378,6,9
609,1.862,4,10
610,2.35,6,11
611,1.346,4,10
612,1.345,6,11
613,2.356,6,12
614,1.999,6,10
615,0.741,4,9
616,2.083,4,11
617,2.592,6,9
618,2.857,6,7
619,2.05,6,9
620,1.998,6,9
621,1.31,4,8
622,1.665,6,10
623,1.329,6,11
624,1.72,6,10
625,6.036,33,9
626,2.628,6,10
627,1.096,4,9
628,1.679,6,8
629,1.308,4,11
630,6.765,37,9
631,2.026,6,10
632,2.781,6,10
633,0.778,4,12
634,1.313,4,6
635,1.099,6,7
636,2.927,6,10
637,3.336,6,8
638,0.932,4,9
639,1.443,6,10
640,3.356,17,7
641,1.193,6,8
642,2.035,6,11
643,1.102,6,9
644,1.877,4,11
645,1.993,6,9
646,1.318,4,8
647,1.239,4,8
648,2.05,6,12
649,2.575,6,9
650,1.376,6,12
651,1.248,4,7
652,0.74,4,4
653,0.782,4,10
654,1.205,6,11
655,1.558,4,8
656,1.435,6,12
657,3.597,6,9
658,1.123,6,10
659,1.25,4,10
660,1.607,4,12
661,1.115,6,9
662,3.547,6,12
663,5.536,12,8
664,1.719,6,9
665,10.264,51,10
666,2.845,6,8
667,1.211,6,9
668,1.1,6,12
669,1.395,6,6
670,6.105,33,10
671,0.922,4,8
672,8.332,42,10
673,4.194,6,10
674,1.865,6,12
675,2.028,6,12
676,2.393,6,11
677,0.744,4,12
678,0.876,4,9
679,2.59,6,11
680,1.348,4,8
681,1.307,4,9
682,0.963,4,10
683,0.737,4,10
684,1.133,6,10
685,2.677,6,11
686,1.709,6,8
687,1.687,6,8
688,1.445,6,12
689,1.335,4,10
690,1.257,4,8
691,1.393,6,10
692,1.708,6,11
693,2.354,6,10
694,1.399,6,8
695,1.224,4,9
696,2.053,6,7
697,1.36,6,8
698,2.618,6,8
699,0.914,4,7
700,1.704,6,10
701,1.103,4,8
702,2.009,6,11
703,1.335,6,9
704,0.894,4,8
705,1.653,6,9
706,3.356,6,7
707,1.34,4,10
708,3.058,6,12
709,2.757,6,8
710,2.85,6,9
711,1.349,4,10
712,1.824,6,10
713,1.598,4,9
714,1.096,6,9
715,2.36,6,9
716,0.791,4,7
717,1.105,4,10
718,1.847,6,10
719,1.99,6,9
720,1.439,6,9
721,0.782,4,8
722,0.894,4,11
723,7.659,41,8
724,1.257,4,10
725,1.877,6,10
726,1.126,6,11
727,1.716,4,11
728,1.641,6,11
729,5.511,28,6
730,1.145,4,10
731,1.329,6,11
732,1.868,6,11
733,2.585,4,10
734,0.79,4,9
735,1.655,6,8
736,1.389,6,11
737,1.377,6,10
738,1.384,6,7
739,0.728,4,8
740,0.794,4,8
741,2.642,6,9
742,1.709,6,11
743,6.315,34,11
744,3.528,19,9
745,1.134,6,10
746,1.233,4,9
747,1.663,6,8
748,1.814,9,10
749,5.083,27,10
750,1.696,6,9
751,1.344,4,10
752,1.653,6,10
753,2.411,6,9
754,1.19,6,7
755,1.839,6,9
756,1.378,6,10
757,1.829,6,9
758,1.11,4,8
759,1.349,6,9
760,1.41,6,8
761,0.878,4,11
762,1.11,6,12
763,1.6,4,11
764,2.648,6,9
765,1.331,4,10
766,2.032,6,12
767,6.228,31,3
768,1.126,6,9
769,0.787,4,11
770,1.141,4,9
771,1.33,6,10
772,1.71,6,11
773,1.356,4,11
774,1.584,4,10
775,1.142,4,9
776,3.046,6,8
777,1.957,6,9
778,1.348,6,10
779,1.349,4,7
780,1.207,6,13
781,1.886,6,9
782,1.659,6,11
783,0.897,4,10
784,2.014,6,8
785,5.826,29,5
786,1.124,6,8
787,0.73,4,10
788,1.85,6,9
789,0.886,4,9
790,2.633,6,8
791,1.69,6,12
792,4.519,23,10
793,2.797,6,10
794,1.713,6,10
795,1.709,6,9
796,0.781,4,10
797,1.369,6,9
798,1.407,6,12
799,0.784,4,10
800,1.205,6,7
801,7.323,37,9
802,1.657,6,10
803,1.712,6,9
804,2.61,6,12
805,1.308,4,11
806,1.678,6,10
807,0.731,4,12
808,2.604,6,10
809,1.342,6,11
810,1.852,6,10
811,0.79,4,9
812,1.849,6,11
813,3.93,6,8
814,3.367,6,10
815,1.125,4,12
816,1.332,6,9
817,1.209,6,11
818,3.733,6,6
819,1.836,6,11
820,0.921,4,10
821,4.005,6,10
822,1.705,6,9
823,2.042,6,11
824,0.961,4,9
825,1.662,6,10
826,2.585,6,9
827,1.138,4,8
828,1.817,6,10
829,2.787,6,7
830,1.579,4,10
831,1.231,4,10
832,1.234,4,10
833,1.394,6,8
834,2.004,6,8
835,1.196,6,7
836,1.124,6,6
837,3.173,6,7
838,1.859,6,9
839,1.879,6,11
840,1.345,6,10
841,2.626,6,12
842,1.607,4,10
843,1.721,6,10
844,1.383,6,9
845,0.899,4,10
846,1.435,6,8
847,0.738,4,10
848,3.128,6,9
849,2.376,6,10
850,0.782,4,6
851,0.879,4,10
852,2.36,6,8
853,1.654,6,7
854,2.377,6,11
855,2.673,6,9
856,0.733,4,9
857,1.985,6,10
858,1.207,6,9
859,1.375,6,12
860,1.342,6,10
861,2.379,6,10
862,1.114,4,10
863,6.244,31,4
864,1.862,6,12
865,5.178,26,8
866,1.326,4,10
867,1.675,6,9
868,0.725,4,9
869,2.373,6,9
870,2.421,6,10
871,2.403,6,12
872,1.679,6,7
873,1.709,6,9
874,0.795,4,10
875,2.001,6,8
876,0.796,4,8
877,1.234,4,10
878,0.794,4,12
879,1.382,6,8
880,1.356,6,8
881,1.189,6,9
882,2.833,6,9
883,9.568,48,8
884,1.848,6,8
885,0.957,4,9
886,0.936,4,9
887,2.028,6,9
888,2.577,6,10
889,1.345,6,8
890,1.572,4,12
891,0.9,4,11
892,1.642,6,8
893,5.788,29,8
894,1.309,4,8
895,2.836,6,10
896,0.729,4,8
897,6.865,34,11
898,0.898,4,7
899,1.869,6,12
900,1.135,4,12
901,1.716,6,11
902,0.738,4,9
903,1.834,6,9
904,1.822,6,12
905,3.346,6,7
906,1.314,4,9
907,1.841,6,9
908,1.654,6,8
909,1.713,6,11
910,1.862,6,10
911,2.038,6,10
912,1.125,6,8
913,4.597,23,9
914,0.738,4,9
915,0.918,4,11
916,0.733,4,10
917,0.91,4,10
918,1.213,6,10
919,1.443,6,11
920,1.261,4,10
921,1.233,4,9
922,1.262,4,11
923,0.965,4,11
924,2.381,6,7
925,2.388,6,9
926,1.576,4,12
927,1.641,6,10
928,1.64,6,11
929,1.856,6,7
930,1.846,4,10
931,2.352,6,9
932,2.588,6,9
933,0.96,4,9
934,1.138,4,7
935,1.346,6,10
936,2.367,6,8
937,1.206,6,8
938,1.824,6,9
939,1.34,4,9
940,1.666,6,9
941,0.718,4,9
942,1.133,6,10
943,3.638,18,5
944,2.886,6,7
945,2.606,6,7
946,1.451,6,10
947,1.662,6,10
948,0.721,4,9
949,1.107,6,10
950,1.407,6,8
951,4.2,6,14
952,2.021,6,11
953,0.89,4,9
954,1.362,4,11
955,2.574,6,9
956,0.9,4,12
957,1.34,6,12
958,1.324,4,6
959,3.052,6,8
960,4.863,26,5
961,1.852,10,8
962,1.441,6,10
963,1.104,4,9
964,1.342,6,8
965,0.92,4,9
966,1.668,6,8
967,3.041,6,9
968,3.828,6,12
969,1.644,6,10
970,1.333,6,9
971,4.399,22,11
972,4.173,23,7
973,1.695,6,7
974,2.648,6,9
975,1.316,4,10
976,1.832,6,10
977,2.573,6,10
978,4.889,6,8
979,1.714,4,11
980,2.358,6,9
981,1.978,6,11
982,2.377,4,9
983,1.96,6,10
984,1.83,6,9
985,2.035,6,8
986,0.779,4,11
987,2.77,6,10
988,0.795,4,9
989,1.691,6,10
990,7.864,39,8
991,2.383,6,9
992,0.715,4,10
993,3.931,21,9
994,1.39,6,9
995,1.089,6,7
996,6.311,34,7
997,1.132,4,10
998,3.897,6,11
999,1.107,6,11
1000,1.851,6,10
1001,3.943,6,12
1002,5.159,26,4
1003,1.325,4,10
1004,2.494,4,8
1005,2.424,6,9
1006,1.221,4,7
1007,0.906,4,11
1008,5.661,28,6
1009,1.249,4,9
1010,3.343,6,8
1011,1.655,6,10
1012,1.594,4,9
1013,1.715,6,9
1014,1.861,6,12
1015,1.998,6,12
1016,1.363,6,11
1017,1.351,6,9
1018,6.083,30,10
1019,2.367,6,11
1020,1.231,4,9
1021,1.135,6,10
1022,1.378,6,12
1023,1.104,6,9
1024,2.37,4,12
1025,1.743,4,8
1026,1.983,6,9
1027,1.102,4,10
1028,1.35,6,11
1029,1.859,6,10
1030,0.93,4,9
1031,1.855,6,9
1032,1.102,6,10
1033,1.361,4,9
1034,1.668,6,11
1035,1.585,4,11
1036,5.075,6,6
1037,1.659,6,11
1038,1.645,6,11
1039,3.731,6,11
1040,2.388,6,9
1041,1.213,6,9
1042,4.344,23,9
1043,1.376,6,8
1044,1.719,6,11
1045,3.338,18,5
1046,2.821,6,12
1047,2.609,6,10
1048,4.163,6,9
1049,0.882,4,9
1050,1.703,4,10
1051,2.566,9,9
1052,0.731,4,10
1053,0.902,4,9
1054,2.833,6,11
1055,1.362,6,10
1056,1.118,4,10
1057,1.105,4,11
1058,1.885,6,9
1059,0.793,4,9
1060,1.878,6,8
1061,1.382,6,8
1062,1.111,6,10
1063,1.241,4,10
1064,3.449,6,8
1065,2.359,6,7
1066,1.89,6,10
1067,3.521,6,7
1068,1.351,6,9
1069,1.086,6,11
1070,1.206,6,11
1071,0.729,4,10
1072,1.863,4,8
1073,1.102,4,11
1074,1.962,6,11
1075,2.842,6,8
1076,1.857,6,11
1077,3.044,6,10
1078,0.929,4,11
1079,11.31,56,8
1080,2.826,6,11
1081,3.802,6,9
1082,2.637,6,8
1083,1.326,4,9
1084,4.281,6,11
1085,1.71,6,12
1086,1.349,6,11
1087,1.565,4,7
1088,1.126,6,9
1089,1.713,4,8
1090,0.74,4,5
1091,2.373,6,9
1092,0.798,4,9
1093,1.136,6,10
1094,4.33,23,10
1095,1.106,4,7
1096,3.127,6,9
1097,1.734,4,8
1098,1.211,6,10
1099,2.84,6,8
1100,1.094,4,10
1101,1.382,6,10
1102,4.225,6,12
1103,1.141,4,11
1104,2.7,8,8
1105,0.934,4,11
1106,1.662,6,10
1107,1.877,6,9
1108,2.021,6,10
1109,2.066,4,11
1110,1.862,6,9
1111,1.677,6,11
1112,1.883,6,6
1113,1.581,4,8
1114,1.351,6,9
1115,0.792,4,8
1116,0.896,4,8
1117,1.367,6,10
1118,0.779,4,11
1119,2.395,6,8
1120,1.842,6,11
1121,1.255,4,9
1122,1.572,4,10
1123,1.976,6,11
1124,5.489,29,12
1125,1.863,6,10
1126,2.019,6,6
1127,5.442,27,9
1128,1.582,4,9
1129,1.71,6,8
1130,0.89,4,9
1131,3.755,19,8
1132,1.968,6,9
1133,1.717,6,11
1134,3.359,18,7
1135,1.647,4,9
1136,1.141,4,9
1137,1.105,6,9
1138,7.231,36,10
1139,1.874,6,9
1140,2.376,6,8
1141,1.709,6,12
1142,1.087,6,9
1143,1.238,4,7
1144,0.916,4,10
1145,1.31,4,9
1146,0.797,4,9
1147,2.42,6,12
1148,3.485,4,10
1149,1.209,6,9
1150,1.829,6,10
1151,1.346,4,10
1152,1.197,6,9
1153,1.758,4,10
1154,1.101,6,10
1155,2.614,6,11
1156,1.189,6,12
1157,2.638,4,8
1158,1.242,4,9
1159,2.026,6,9
1160,1.363,6,8
1161,0.888,4,8
1162,1.569,4,7
1163,4.579,23,6
1164,1.842,4,10
1165,1.563,4,10
1166,2.635,6,10
1167,8.222,41,8
1168,2.818,6,10
1169,1.653,6,10
1170,1.992,6,10
1171,2.023,6,10
1172,2.039,6,10
1173,1.718,6,10
1174,1.837,6,9
1175,1.636,6,8
1176,1.207,6,8
1177,1.881,6,8
1178,6.343,32,7
1179,1.71,6,10
1180,2.399,6,8
1181,1.675,6,11
1182,0.928,4,9
1183,1.862,6,9
1184,1.353,6,8
1185,1.826,6,8
1186,2.408,6,9
1187,1.362,4,9
1188,3.191,16,8
1189,4.822,6,8
1190,1.123,6,7
1191,2.02,6,11
1192,1.148,4,8
1193,0.794,4,10
1194,1.828,6,7
1195,4.064,22,9
1196,1.322,6,10
1197,1.256,4,10
1198,1.692,6,8
1199,1.662,6,9
1200,1.997,6,8
1201,1.873,6,8
1202,6.934,37,4
1203,1.691,6,10
1204,3.057,6,10
1205,1.443,6,10
1206,0.791,4,7
1207,1.109,4,9
1208,2.034,6,11
1209,1.719,6,11
1210,1.69,6,10
1211,1.714,6,9
1212,5.041,25,8
1213,1.212,6,5
1214,1.337,4,8
1215,0.783,4,10
1216,0.963,4,11
1217,1.13,6,11
1218,1.404,6,9
1219,1.879,6,10
1220,2.59,6,11
1221,1.987,6,8
1222,2.427,6,10
1223,5.308,28,12
1224,1.601,4,11
1225,1.975,6,11
1226,1.346,6,8
1227,1.861,6,6
1228,1.094,4,11
1229,0.722,4,9
1230,1.877,6,9
1231,4.81,24,4
1232,1.128,4,10
1233,1.835,6,11
1234,1.715,6,7
1235,1.119,6,9
1236,0.783,4,7
1237,1.346,6,10
1238,1.869,6,8
1239,2.354,6,9
1240,2.018,6,11
1241,0.892,4,11
1242,0.726,4,7
1243,1.979,6,10
1244,2.372,6,9
1245,0.799,4,10
1246,0.791,4,10
1247,1.883,6,10
1248,6.227,33,9
1249,2.467,9,7
1250,3.026,6,10
1251,1.437,6,12
1252,1.429,6,9
1253,1.241,4,7
1254,7.217,36,9
1255,1.859,6,12
1256,0.918,4,12
1257,1.716,6,12
1258,1.66,6,10
1259,5.235,26,9
1260,1.321,6,9
1261,2.644,6,9
1262,1.251,4,7
1263,5.158,26,10
1264,1.614,4,11
1265,1.977,6,12
1266,3.374,6,8
1267,1.325,4,9
1268,1.643,6,7
1269,0.96,4,9
1270,1.655,6,11
1271,2.017,6,9
1272,4.609,25,7
1273,1.212,6,11
1274,2.051,6,10
1275,4.972,25,8
1276,3.038,6,10
1277,2.629,6,7
1278,1.193,6,8
1279,3.691,20,10
1280,1.106,4,10
1281,2.411,6,10
1282,0.924,4,9
1283,2.004,6,10
1284,0.791,4,8
1285,1.191,6,11
1286,1.31,4,12
1287,0.798,4,6
1288,3.057,6,13
1289,5.717,31,5
1290,2.426,6,9
1291,2.374,6,10
1292,2.405,6,9
1293,3.234,4,11
1294,1.585,4,8
1295,1.594,4,10
1296,1.364,6,9
1297,1.835,6,8
1298,6.524,35,5
1299,1.832,6,10
1300,1.191,6,9
1301,0.889,4,10
1302,1.344,6,9
1303,1.322,6,10
1304,1.705,6,9
1305,2.358,6,8
1306,1.696,6,9
1307,1.651,6,8
1308,1.967,6,10
1309,1.739,4,10
1310,4.044,6,9
1311,1.21,6,8
1312,2.347,6,8
1313,1.885,6,9
1314,1.366,4,9
1315,1.881,6,7
1316,1.23,4,10
1317,5.562,28,9
1318,0.789,4,11
1319,1.717,6,10
1320,1.447,6,8
1321,1.575,4,11
1322,2.367,6,9
1323,1.703,6,11
1324,1.261,4,12
1325,1.232,4,11
1326,2.411,6,8
1327,2.023,6,10
1328,1.328,4,7
1329,1.098,4,9
1330,2.831,6,13
1331,1.865,6,8
1332,3.753,20,3
1333,1.607,4,11
1334,2.825,6,8
1335,4.032,6,10
1336,1.094,6,12
1337,2.425,6,11
1338,1.708,4,9
1339,1.564,4,8
1340,4.318,6,9
1341,1.146,4,10
1342,1.122,4,10
1343,1.841,6,11
1344,7.033,35,6
1345,1.113,4,11
1346,1.126,4,9
1347,1.666,6,9
1348,0.786,4,13
1349,0.72,4,7
1350,6.697,36,11
1351,2.039,6,7
1352,1.88,6,8
1353,2.388,6,10
1354,0.735,4,9
1355,5.618,28,9
1356,1.376,6,10
1357,1.805,4,6
1358,3.912,21,4
1359,1.869,6,10
1360,3.067,6,8
1361,0.781,4,10
1362,1.397,6,12
1363,3.138,6,7
1364,1.135,6,9
1365,2.627,6,7
1366,1.098,4,10
1367,1.344,6,10
1368,1.132,6,8
1369,1.234,4,12
1370,1.408,6,8
1371,1.828,6,10
1372,2.033,4,9
1373,1.118,4,10
1374,1.129,4,8
1375,1.714,6,10
1376,0.988,6,10
1377,0.79,4,8
1378,0.877,4,9
1379,1.683,6,9
1380,1.104,6,7
1381,5.128,6,10
1382,4.814,24,5
1383,1.961,6,10
1384,0.909,4,9
1385,2.574,6,9
1386,1.708,6,6
1387,1.57,4,8
1388,1.893,6,11
1389,1.583,4,11
1390,1.672,6,7
1391,1.857,6,9
1392,3.042,6,10
1393,1.436,6,9
1394,1.669,6,13
1395,6.375,32,8
1396,1.439,6,10
1397,1.212,6,10
1398,0.893,4,10
1399,1.338,6,10
1400,2.355,6,12
1401,2.599,6,12
1402,5.79,29,9
1403,2.695,6,13
1404,1.85,6,10
1405,2.021,6,9
1406,1.718,6,10
1407,1.722,6,8
1408,1.827,6,9
1409,2.363,6,11
1410,1.825,6,10
1411,1.666,6,9
1412,1.193,6,9
1413,5.294,28,8
1414,1.1,4,10
1415,0.956,4,10
1416,3.434,6,11
1417,1.108,4,9
1418,1.719,6,9
1419,1.734,4,10
1420,5.557,28,10
1421,1.199,6,11
1422,2.421,6,11
1423,1.354,6,12
1424,2.03,6,9
1425,2.357,6,10
1426,1.091,4,8
1427,1.242,4,10
1428,2.002,6,8
1429,1.566,4,11
1430,6.005,30,8
1431,1.144,4,9
1432,2.377,6,9
1433,1.222,4,9
1434,1.242,4,7
1435,5.759,6,11
1436,1.095,4,8
1437,1.403,6,10
1438,1.861,6,7
1439,1.654,6,9
1440,1.134,6,9
1441,1.396,6,9
1442,2.39,6,8
1443,4.996,25,8
1444,0.96,4,10
1445,4.156,21,10
1446,1.87,6,11
1447,1.109,4,9
1448,2.368,6,8
1449,1.245,4,10
1450,0.968,4,11
1451,1.108,6,11
1452,1.977,6,9
1453,2.415,6,11
1454,1.642,6,10
1455,1.347,4,7
1456,3.227,4,8
1457,1.319,6,9
1458,1.324,4,8
1459,2.841,6,13
1460,1.322,6,7
1461,2.585,6,6
1462,1.664,6,10
1463,1.694,6,10
1464,2.007,6,12
1465,1.963,6,9
1466,1.352,6,8
1467,1.641,6,10
1468,2.358,6,6
1469,1.217,4,8
1470,1.561,4,8
1471,1.866,6,7
1472,1.84,6,11
1473,1.446,6,9
1474,1.149,4,9
1475,1.353,4,10
1476,4.824,6,8
1477,1.648,6,10
1478,1.357,6,10
1479,0.795,4,8
1480,1.599,4,9
1481,1.212,6,13
1482,5.899,32,8
1483,6.213,31,11
1484,1.389,6,11
1485,1.363,6,10
1486,1.286,7,11
1487,1.406,6,9
1488,1.101,4,11
1489,2.037,4,12
1490,1.149,4,8
1491,2.77,6,9
1492,1.127,6,11
1493,0.737,4,5
1494,1.209,6,9
1495,1.353,6,11
1496,2.635,6,8
1497,4.284,23,8
1498,2.388,6,7
1499,1.207,6,8
1500,1.832,6,10
1501,1.743,4,10
1502,1.837,6,13
1503,1.19,6,10
1504,1.348,6,13
1505,1.188,6,7
1506,1.102,6,11
1507,2.578,6,8
1508,2.832,6,9
1509,1.215,4,9
1510,1.705,6,11
1511,1.854,6,12
1512,1.98,6,10
1513,1.664,6,10
1514,1.206,6,12
1515,1.317,4,10
1516,1.146,4,9
1517,1.407,6,10
1518,1.203,6,12
1519,3.122,6,10
1520,3.525,6,9
1521,1.215,6,10
1522,2.837,6,7
1523,1.653,6,8
1524,1.852,6,9
1525,1.131,6,8
1526,2.413,6,9
1527,3.474,6,8
1528,1.613,4,7
1529,1.126,4,11
1530,1.117,6,9
1531,1.236,4,10
1532,1.092,4,9
1533,2.361,6,10
1534,1.146,4,9
1535,2.775,6,11
1536,1.71,6,9
1537,0.785,4,8
1538,3.068,6,11
1539,1.144,4,10
1540,1.716,6,8
1541,1.248,4,9
1542,1.249,4,11
1543,1.664,6,10
1544,0.736,4,6
1545,1.989,6,8
1546,2.571,6,9
1547,2.381,6,9
1548,1.138,4,10
1549,1.722,6,10
1550,1.116,6,10
1551,1.194,6,10
1552,1.319,6,9
1553,3.429,6,9
1554,0.932,4,10
1555,4.737,24,7
1556,1.111,4,10
1557,1.7,6,10
1558,1.608,4,6
1559,1.855,4,8
1560,1.708,6,8
1561,1.138,4,7
1562,3.7,20,6
1563,6.904,37,8
1564,1.861,6,10
1565,1.865,6,11
1566,1.849,6,9
1567,1.843,4,8
1568,0.964,4,6
1569,0.718,4,10
1570,4.175,6,12
1571,1.439,6,10
1572,1.886,6,7
1573,1.402,6,11
1574,0.787,4,10
1575,1.87,6,11
1576,2.627,6,8
1577,2.579,6,10
1578,1.346,6,10
1579,2.635,6,8
1580,2.598,6,8
1581,1.359,4,10
1582,1.938,4,11
1583,2.813,6,11
1584,1.985,6,5
1585,3.65,20,10
1586,1.823,6,10
1587,1.888,6,8
1588,1.348,6,12
1589,1.678,6,6
1590,2.768,6,9
1591,1.564,4,10
1592,1.121,4,11
1593,0.93,4,10
1594,1.69,6,10
1595,1.718,6,11
1596,1.394,6,11
1597,1.41,6,9
1598,1.443,6,10
1599,1.194,6,11
1600,1.34,6,12
1601,2.043,6,11
1602,1.363,6,10
1603,1.689,6,8
1604,1.677,6,8
1605,1.967,6,8
1606,1.362,6,11
1607,2.641,6,11
1608,3.485,6,7
1609,1.191,6,12
1610,5.545,28,8
1611,0.9,4,9
1612,1.199,6,8
1613,1.72,6,10
1614,2.245,4,9
1615,2.839,6,9
1616,1.67,6,7
1617,5.152,28,9
1618,2.026,6,10
1619,1.874,6,8
1620,1.245,4,7
1621,1.359,6,11
1622,1.213,6,8
1623,1.223,6,9
1624,5.681,28,10
1625,1.651,6,10
1626,3.879,6,9
1627,6.367,32,6
1628,2.865,6,8
1629,1.692,6,9
1630,1.691,6,10
1631,2.413,6,7
1632,1.707,6,9
1633,1.721,6,11
1634,1.822,6,10
1635,1.676,6,7
1636,0.909,4,10
1637,2.571,6,9
1638,5.367,27,7
1639,1.695,6,9
1640,1.354,6,11
1641,1.409,6,8
1642,1.671,6,10
1643,1.208,6,6
1644,1.199,6,8
1645,4.27,6,8
1646,0.954,4,8
1647,1.887,6,10
1648,1.851,4,8
1649,1.662,6,9
1650,0.735,4,10
1651,0.786,4,9
1652,1.644,6,11
1653,1.195,6,6
1654,1.678,6,10
1655,4.757,24,8
1656,1.855,6,9
1657,1.382,6,10
1658,2.044,6,7
1659,1.109,6,10
1660,1.93,4,9
1661,0.779,4,8
1662,1.71,6,11
1663,2.393,6,10
1664,1.693,6,11
1665,1.355,4,8
1666,1.651,6,6
1667,1.584,4,8
1668,1.129,4,11
1669,2.359,6,10
1670,1.666,6,8
1671,1.851,4,10
1672,1.661,6,8
1673,1.193,6,11
1674,1.234,4,8
1675,1.199,6,9
1676,0.787,4,12
1677,1.716,6,8
1678,1.863,6,11
1679,1.255,4,11
1680,1.383,6,9
1681,1.234,4,7
1682,1.636,4,11
1683,1.196,6,8
1684,1.326,6,9
1685,0.957,4,10
1686,6.651,33,11
1687,1.355,4,11
1688,2.777,6,8
1689,0.743,4,8
1690,2.629,6,10
1691,1.401,6,10
1692,1.134,6,10
1693,1.32,4,11
1694,0.909,4,6
1695,1.247,4,9
1696,4.761,24,9
1697,1.214,6,10
1698,2.041,6,13
1699,1.348,6,8
1700,1.853,6,10
1701,2.809,6,7
1702,1.127,4,8
1703,1.705,6,11
1704,1.105,6,10
1705,1.688,6,11
1706,0.718,4,6
1707,1.197,6,9
1708,2.034,6,10
1709,1.105,6,7
1710,0.935,4,10
1711,2.003,6,7
1712,1.132,6,7
1713,2.364,6,11
1714,0.736,4,11
1715,2.358,6,10
1716,1.963,6,8
1717,0.72,4,8
1718,2.391,6,9
1719,2.043,6,11
1720,4.356,6,9
1721,2.576,6,9
1722,1.65,6,11
1723,1.434,6,9
1724,1.974,6,11
1725,1.138,4,10
1726,1.872,6,10
1727,1.653,6,10
1728,1.823,6,8
1729,1.144,4,9
1730,2.416,6,9
1731,1.716,6,10
1732,3.112,6,9
1733,1.85,6,6
1734,1.674,6,11
1735,1.247,4,10
1736,1.222,4,10
1737,1.393,6,8
1738,2.621,6,10
1739,1.345,4,9
1740,2.001,6,11
1741,5.629,30,6
1742,1.346,6,11
1743,2.034,6,13
1744,1.135,6,5
1745,1.262,4,10
1746,2.778,6,12
1747,0.793,4,10
1748,1.2,6,7
1749,1.74,4,11
1750,1.379,6,11
1751,2.388,6,9
1752,0.788,4,10
1753,1.57,5,8
1754,0.74,4,8
1755,5.489,6,12
1756,0.911,4,9
1757,1.091,6,12
1758,1.317,4,7
1759,1.107,4,9
1760,2.052,6,9
1761,1.672,6,8
1762,0.896,4,10
1763,1.09,6,11
1764,1.131,6,11
1765,1.096,4,10
1766,1.322,4,10
1767,1.228,4,8
1768,1.895,4,8
1769,1.211,6,11
1770,1.341,6,10
1771,0.798,4,9
1772,6.543,35,8
1773,2.504,4,11
1774,1.362,4,10
1775,1.847,4,8
1776,2.562,6,11
1777,1.966,6,9
1778,0.791,4,9
1779,5.545,28,11
1780,1.325,4,9
1781,0.907,4,7
1782,1.261,4,11
1783,3.966,20,9
1784,1.349,6,8
1785,1.99,6,7
1786,1.886,4,9
1787,3.855,6,8
1788,1.587,4,9
1789,1.106,6,8
1790,1.604,4,10
1791,1.19,6,10
1792,1.363,4,9
1793,0.899,4,9
1794,3.121,6,10
1795,0.927,4,10
1796,1.208,6,8
1797,1.103,6,8
1798,2.345,4,10
1799,1.65,6,11
1800,1.644,6,10
1801,1.663,6,8
1802,0.738,4,6
1803,1.087,6,8
1804,1.999,6,10
1805,2.761,6,9
1806,1.875,6,8
1807,5.726,29,8
1808,2.017,6,6
1809,1.367,4,8
1810,1.837,6,12
1811,1.67,6,9
1812,3.095,6,13
1813,0.877,4,6
1814,11.004,59,10
1815,1.239,4,9
1816,0.908,4,9
1817,1.872,6,8
1818,1.348,6,8
1819,1.854,6,9
1820,1.148,4,11
1821,0.79,4,10
1822,1.966,6,8
1823,1.307,4,8
1824,1.571,4,11
1825,1.651,6,7
1826,0.778,4,7
1827,1.124,4,8
1828,5.04,27,6
1829,1.997,6,9
1830,1.716,6,10
1831,1.438,6,12
1832,2.849,6,10
1833,1.328,6,9
1834,1.186,6,10
1835,1.881,6,10
1836,1.673,6,9
1837,1.697,6,11
1838,1.397,6,9
1839,1.138,4,10
1840,1.092,6,12
1841,1.237,4,9
1842,6.728,34,6
1843,1.856,6,8
1844,2.155,4,8
1845,1.713,6,10
1846,1.337,6,10
1847,1.395,6,11
1848,1.254,4,9
1849,1.837,6,8
1850,2.276,4,7
1851,1.651,6,10
1852,6.204,33,9
1853,1.653,6,8
1854,1.711,6,6
1855,1.191,6,12
1856,1.668,6,10
1857,1.098,4,8
1858,1.857,6,12
1859,1.347,4,12
1860,1.128,6,12
1861,1.872,6,7
1862,1.729,4,10
1863,1.366,6,10
1864,2.014,6,9
1865,1.881,6,10
1866,7.485,37,8
1867,1.244,4,11
1868,1.876,6,8
1869,1.142,4,9
1870,1.666,6,13
1871,1.979,6,10
1872,1.657,6,8
1873,1.353,6,10
1874,1.331,6,6
1875,1.871,6,10
1876,1.975,6,9
1877,1.322,6,11
1878,2.35,6,9
1879,0.796,4,8
1880,2.618,6,9
1881,1.364,6,9
1882,0.784,4,9
1883,2.031,6,9
1884,1.36,6,8
1885,4.158,6,9
1886,3.873,6,13
1887,5.753,29,10
1888,1.569,4,7
1889,4.862,6,11
1890,2.022,6,10
1891,2.854,6,10
1892,1.837,6,7
1893,1.852,6,10
1894,1.646,6,9
1895,1.342,6,11
1896,1.868,6,8
1897,0.875,4,8
1898,1.711,6,10
1899,1.217,6,7
1900,1.961,6,7
1901,1.872,6,10
1902,0.792,4,8
1903,1.735,4,7
1904,1.372,6,13
1905,1.309,4,11
1906,1.392,6,8
1907,8.717,44,6
1908,7.168,39,11
1909,7.551,38,7
1910,2.116,4,7
1911,0.9,4,11
1912,1.867,6,11
1913,1.311,4,9
1914,7.917,42,7
1915,1.671,6,11
1916,1.115,4,8
1917,1.694,6,8
1918,1.657,6,11
1919,1.849,6,10
1920,4.773,24,10
1921,1.385,6,11
1922,1.448,6,13
1923,1.571,4,11
1924,2.773,6,8
1925,5.805,32,12
1926,1.341,6,11
1927,1.861,6,8
1928,1.195,6,11
1929,1.325,6,11
1930,1.446,6,10
1931,1.332,6,11
1932,1.105,4,10
1933,1.88,6,8
1934,1.334,6,14
1935,2.581,6,10
1936,4.223,21,3
1937,1.4,6,10
1938,1.199,6,9
1939,1.714,6,10
1940,1.35,4,9
1941,2.366,6,11
1942,6.624,36,10
1943,1.353,6,11
1944,8.42,45,8
1945,2.963,6,9
1946,1.229,4,11
1947,5.412,27,10
1948,1.142,4,10
1949,1.115,4,10
1950,1.437,6,13
1951,2.223,4,10
1952,1.392,6,10
1953,1.87,4,9
1954,0.939,4,10
1955,1.326,6,12
1956,2.397,6,11
1957,2.35,6,11
1958,1.095,4,10
1959,1.849,4,9
1960,1.13,6,10
1961,0.786,4,10
1962,1.229,4,10
1963,1.689,6,10
1964,2.015,6,9
1965,1.737,4,9
1966,1.326,4,10
1967,3.817,6,10
1968,4.844,26,10
1969,0.897,4,9
1970,0.781,4,10
1971,2.016,6,9
1972,1.119,4,9
1973,1.882,6,13
1974,1.845,6,9
1975,7.019,35,5
1976,7.323,37,8
1977,1.364,6,11
1978,1.246,4,8
1979,1.397,6,12
1980,1.639,6,8
1981,3.171,6,10
1982,1.145,4,9
1983,1.859,6,10
1984,2.002,6,13
1985,1.731,4,9
1986,2.402,6,11
1987,1.647,6,10
1988,1.224,4,10
1989,2.011,6,10
1990,1.714,6,8
1991,3.057,6,8
1992,2.047,6,12
1993,1.361,6,8
1994,5.916,32,9
1995,1.872,6,9
1996,0.959,4,9
1997,1.361,6,7
1998,4.745,4,9
1999,6.362,32,8
2000,1.58,4,7
2001,1.654,6,12
2002,1.222,4,9
2003,1.832,6,9
2004,1.662,6,11
2005,1.326,6,9
2006,1.342,6,11
2007,1.114,4,11
2008,0.896,4,9
2009,1.67,6,10
2010,1.986,6,9
2011,1.146,4,13
2012,5.763,31,6
2013,6.766,37,10
2014,2.034,6,9
2015,11.174,56,8
2016,1.992,6,10
2017,1.709,4,9
2018,2.908,6,9
2019,1.355,6,10
2020,3.746,6,10
2021,1.203,6,8
2022,1.4,6,12
2023,2.56,4,9
2024,1.245,4,9
2025,1.339,6,8
2026,3.044,6,9
2027,1.103,4,11
2028,1.098,4,10
2029,1.586,4,6
2030,2.157,4,8
2031,3.368,6,10
2032,2.019,6,8
2033,1.752,4,9
2034,1.21,6,11
2035,1.401,6,9
2036,2.397,6,8
2037,2.598,6,8
2038,3.779,6,8
2039,1.364,6,9
2040,4.962,27,10
2041,1.611,4,9
2042,0.782,4,9
2043,2.841,6,7
2044,1.346,6,10
2045,0.783,4,9
2046,1.106,6,9
2047,1.365,6,9
2048,2.03,6,11
2049,3.872,6,9
2050,0.721,4,6
2051,1.834,6,11
2052,1.846,6,7
2053,1.359,4,5
2054,0.917,4,9
2055,1.236,4,7
2056,2.34,6,11
2057,1.824,4,9
2058,1.121,4,10
2059,0.892,4,7
2060,1.65,6,11
2061,1.309,4,7
2062,1.322,4,9
2063,1.384,6,9
2064,1.855,6,8
2065,2.64,6,8
2066,1.301,4,11
2067,1.677,6,10
2068,2.42,6,8
2069,1.706,6,9
2070,1.211,6,10
2071,0.88,4,9
2072,1.977,6,11
2073,1.874,6,8
2074,2.016,6,10
2075,1.318,4,10
2076,1.344,6,10
2077,0.785,4,8
2078,1.439,6,9
2079,0.778,4,9
2080,1.989,6,8
2081,1.254,4,9
2082,2.758,6,11
2083,2.411,6,7
2084,1.131,6,8
2085,1.35,6,10
2086,1.831,6,10
2087,1.309,4,10
2088,1.135,4,7
2089,1.85,6,10
2090,1.831,6,9
2091,0.793,4,8
2092,1.969,6,10
2093,1.747,4,7
2094,11.716,59,9
2095,1.121,4,12
2096,2.007,6,8
2097,1.723,6,8
2098,0.783,4,10
2099,4.914,6,8
2100,2.403,6,10
2101,2.832,6,8
2102,1.602,4,8
2103,1.604,4,8
2104,0.941,4,11
2105,1.089,4,9
2106,1.83,6,10
2107,0.792,4,8
2108,1.867,6,8
2109,1.245,4,12
2110,1.616,4,9
2111,1.863,6,14
2112,1.864,6,9
2113,3.08,6,12
2114,5.44,27,7
2115,2.774,9,9
2116,1.2,6,9
2117,1.646,6,9
2118,1.986,6,9
2119,1.721,6,8
2120,2.605,6,9
2121,0.732,4,9
2122,5.366,27,8
2123,2.379,6,11
2124,2.036,4,9
2125,1.713,4,7
2126,9.513,48,10
2127,2.844,6,11
2128,1.406,6,9
2129,3.844,6,10
2130,1.343,6,9
2131,1.395,6,10
2132,1.611,4,9
2133,1.32,4,6
2134,1.887,6,8
2135,1.242,4,9
2136,0.894,4,9
2137,3.335,6,7
2138,3.522,6,10
2139,1.869,6,7
2140,2.809,6,10
2141,2.364,6,10
2142,1.438,6,10
2143,2.571,6,12
2144,1.122,6,8
2145,1.211,6,10
2146,1.407,6,11
2147,1.39,6,11
2148,0.937,4,9
2149,1.671,6,11
2150,4.898,26,7
2151,1.648,6,12
2152,1.438,6,10
2153,1.324,4,11
2154,1.829,6,10
2155,1.136,4,11
2156,1.716,6,7
2157,0.787,4,8
2158,2.848,6,12
2159,1.448,6,11
2160,2.823,6,8
2161,5.238,28,12
2162,2.825,6,11
2163,2.013,6,11
2164,1.238,4,12
2165,1.582,4,11
2166,5.493,29,11
2167,1.892,4,11
2168,1.754,4,8
2169,1.989,6,9
2170,1.391,6,11
2171,1.859,6,10
2172,3.461,6,7
2173,1.202,6,9
2174,7.624,38,12
2175,2.416,6,11
2176,1.979,6,8
2177,6.573,33,11
2178,1.339,6,10
2179,1.188,6,9
2180,1.704,4,9
2181,2.42,6,8
2182,2.646,6,7
2183,7.964,40,9
2184,1.599,4,9
2185,2.646,6,10
2186,2.402,6,9
2187,1.829,6,9
2188,1.996,6,8
2189,1.313,4,10
2190,1.199,6,10
2191,1.869,6,8
2192,1.1,6,9
2193,1.675,6,10
2194,2.372,6,11
2195,1.259,4,9
2196,1.239,4,8
2197,2.056,4,11
2198,1.147,4,8
2199,1.852,6,9
2200,1.683,6,9
2201,1.101,4,10
2202,0.784,4,9
2203,1.35,4,10
2204,0.93,4,6
2205,2.576,6,9
2206,1.14,4,8
2207,1.715,6,11
2208,1.142,4,8
2209,1.145,4,10
2210,1.857,6,8
2211,4.807,24,8
2212,3.126,7,10
2213,1.642,6,10
2214,1.836,6,10
2215,4.621,23,5
2216,2.428,6,12
2217,1.975,6,10
2218,1.671,6,10
2219,3.939,6,10
2220,0.912,4,8
2221,2.363,6,12
2222,1.709,6,11
2223,1.857,6,12
2224,2.851,6,10
2225,1.644,6,9
2226,2.831,6,9
2227,1.096,6,10
2228,1.201,6,7
2229,3.17,6,9
2230,1.561,4,8
2231,1.388,6,10
2232,1.106,4,9
2233,1.232,4,9
2234,0.901,4,10
2235,1.615,7,10
2236,0.897,4,9
2237,1.698,6,10
2238,1.378,6,10
2239,2.568,6,8
2240,2.357,6,10
2241,1.223,4,9
2242,0.899,4,8
2243,0.792,4,9
2244,1.092,6,11
2245,0.79,4,10
2246,2.835,6,12
2247,1.143,4,9
2248,2.38,6,10
2249,0.785,4,10
2250,1.641,6,8
2251,1.134,4,10
2252,1.145,4,8
2253,1.08,6,11
2254,1.838,6,10
2255,1.593,4,10
2256,2.371,6,7
2257,1.68,4,11
2258,1.85,6,9
2259,2.569,6,10
2260,1.854,6,11
2261,0.789,4,8
2262,1.335,4,8
2263,1.731,4,9
2264,1.865,6,12
2265,1.326,6,10
2266,8.398,42,5
2267,2.344,6,8
2268,2.768,6,10
2269,2.003,6,12
2270,0.745,4,8
2271,1.109,6,8
2272,1.246,4,10
2273,1.6,4,8
2274,1.654,6,11
2275,1.318,6,8
2276,1.137,4,6
2277,6.732,36,3
2278,1.703,6,10
2279,4.288,23,5
2280,2.006,6,11
2281,1.853,6,11
2282,2.013,6,10
2283,1.099,6,11
2284,2.72,4,11
2285,1.717,4,10
2286,1.66,6,9
2287,1.855,6,11
2288,1.664,6,11
2289,1.351,6,10
2290,1.709,4,8
2291,1.125,6,8
2292,1.883,6,9
2293,1.865,4,7
2294,1.891,6,11
2295,1.713,6,12
2296,4.201,6,11
2297,1.217,6,12
2298,0.956,4,10
2299,1.64,6,10
2300,1.381,6,9
2301,1.387,6,9
2302,5.882,32,5
2303,4.013,6,11
2304,1.988,6,10
2305,0.909,4,7
2306,1.858,6,9
2307,6.159,33,8
2308,2.876,4,11
2309,1.708,6,7
2310,3.95,6,10
2311,1.114,4,11
2312,2.009,7,11
2313,1.831,6,8
2314,7.607,38,6
2315,4.574,25,6
2316,1.744,4,6
2317,1.35,4,10
2318,2.04,6,10
2319,0.794,4,9
2320,1.745,4,9
2321,1.839,6,7
2322,1.982,6,9
2323,0.897,4,9
2324,1.092,6,11
2325,2.623,6,7
2326,1.719,6,8
2327,3.744,6,11
2328,1.096,6,8
2329,0.731,4,10
2330,1.89,6,10
2331,1.365,6,9
2332,1.332,6,10
2333,5.566,28,2
2334,2.016,6,10
2335,1.098,4,10
2336,2.378,6,11
2337,2.044,6,12
2338,5.736,31,6
2339,1.123,6,8
2340,1.596,4,8
2341,6.628,35,10
2342,3.122,6,8
2343,1.447,6,9
2344,1.406,6,8
2345,2.584,4,9
2346,2.423,6,7
2347,1.88,6,10
2348,2.393,6,10
2349,0.965,4,10
2350,2.023,6,9
2351,3.215,4,8
2352,0.786,4,10
2353,1.858,6,8
2354,1.316,4,10
2355,1.137,4,9
2356,1.878,6,10
2357,1.827,6,9
2358,6.857,34,9
2359,6.803,34,9
2360,1.113,6,10
2361,3.534,6,10
2362,1.098,4,11
2363,2.807,6,8
2364,3.472,8,9
2365,2.628,6,7
2366,1.141,4,12
2367,1.575,4,8
2368,0.911,4,8
2369,4.801,12,12
2370,1.674,6,9
2371,1.329,6,12
2372,1.879,6,8
2373,1.859,6,10
2374,2.798,6,9
2375,1.401,6,10
2376,0.725,4,10
2377,0.906,4,11
2378,1.345,4,10
2379,0.878,4,9
2380,0.906,4,9
2381,6.562,33,8
2382,1.641,6,9
2383,1.875,6,10
2384,1.694,6,7
2385,3.292,18,8
2386,1.127,6,8
2387,1.975,6,9
2388,1.351,6,8
2389,1.858,6,9
2390,2.368,4,9
2391,1.837,6,9
2392,1.328,6,11
2393,1.386,6,8
2394,0.74,4,8
2395,1.568,4,11
2396,1.195,6,10
2397,0.798,4,9
2398,2.833,6,9
2399,1.341,4,12
2400,1.574,4,11
2401,2.04,6,8
2402,1.191,6,10
2403,1.687,6,10
2404,1.691,6,11
2405,1.332,6,11
2406,2.831,6,8
2407,1.193,6,10
2408,1.228,4,8
2409,3.807,6,9
2410,2.042,6,8
2411,1.651,6,8
2412,0.924,4,9
2413,1.665,6,8
2414,1.91,4,10
2415,1.209,6,8
2416,1.843,6,10
2417,2.615,6,10
2418,1.229,4,8
2419,1.2,6,10
2420,2.396,6,12
2421,3.77,20,9
2422,1.892,4,10
2423,0.88,4,8
2424,3.823,6,10
2425,2.417,6,8
2426,0.65,4,11
2427,1.4,6,5
2428,2.016,6,9
2429,1.878,6,10
2430,1.69,6,10
2431,1.236,4,11
2432,5.123,28,7
2433,1.192,6,11
2434,1.984,6,12
2435,3.106,6,10
2436,1.723,6,9
2437,1.829,6,10
2438,1.377,6,9
2439,1.709,6,12
2440,2.833,6,7
2441,1.706,6,11
2442,1.845,6,10
2443,1.646,6,9
2444,2.015,6,9
2445,1.132,6,10
2446,1.12,6,10
2447,1.105,4,8
2448,2.371,6,11
2449,1.873,6,8
2450,1.188,6,10
2451,2.016,6,12
2452,1.973,6,10
2453,1.127,4,10
2454,1.847,6,10
2455,0.886,4,10
2456,1.664,6,9
2457,1.666,6,9
2458,1.194,6,8
2459,1.693,6,10
2460,1.101,6,9
2461,0.923,4,9
2462,2.831,4,9
2463,1.995,6,9
2464,1.857,6,10
2465,1.859,6,7
2466,2.595,6,7
2467,1.692,6,8
2468,1.652,6,9
2469,2.027,6,7
2470,1.201,6,8
2471,1.836,6,9
2472,5.358,27,9
2473,1.759,4,7
2474,1.33,4,9
2475,2.397,6,11
2476,0.894,4,8
2477,0.903,4,9
2478,1.849,6,9
2479,2.641,6,10
2480,3.982,20,10
2481,1.689,6,8
2482,1.714,6,8
2483,0.891,4,8
2484,1.572,4,9
2485,2.158,7,10
2486,1.105,4,7
2487,0.937,4,10
2488,1.23,4,11
2489,1.387,6,11
2490,2.363,6,9
2491,3.861,6,13
2492,1.131,6,8
2493,1.439,6,9
2494,1.568,4,11
2495,1.205,6,8
2496,1.221,4,10
2497,2.048,6,11
2498,1.827,6,8
2499,1.572,4,11
2500,2.581,6,10
2501,2.576,6,10
2502,1.688,6,11
2503,1.091,6,8
2504,0.713,4,7
2505,2.77,6,9
2506,1.708,6,7
2507,1.715,6,10
2508,3.85,6,9
2509,1.364,4,10
2510,1.831,6,8
2511,1.228,4,8
2512,1.64,6,10
2513,1.386,6,11
2514,1.715,6,9
2515,4.443,22,8
2516,0.736,4,11
2517,2.812,6,8
2518,3.382,6,12
2519,2.066,4,12
2520,0.893,4,8
2521,1.244,4,10
2522,2.362,6,11
2523,1.563,4,10
2524,2.049,6,11
2525,4.364,24,8
2526,0.778,4,11
2527,1.13,4,11
2528,2.639,6,12
2529,2.02,6,9
2530,1.723,4,13
2531,1.44,6,12
2532,1.577,4,8
2533,1.097,4,9
2534,1.859,6,11
2535,0.793,4,9
2536,1.873,6,10
2537,5.122,28,10
2538,1.097,4,12
2539,7.223,36,8
2540,0.992,6,11
2541,1.332,4,10
2542,1.879,6,6
2543,1.354,6,11
2544,1.33,6,9
2545,2.918,6,8
2546,2.364,6,9
2547,4.192,6,11
2548,3.877,6,7
2549,0.741,4,10
2550,1.384,6,12
2551,1.39,5,11
2552,7.656,42,10
2553,1.594,4,9
2554,2.374,6,7
2555,2.764,6,9
2556,6.153,31,8
2557,1.694,6,9
2558,2.681,4,10
2559,3.09,6,10
2560,1.382,6,9
2561,1.352,4,8
2562,1.825,6,7
2563,1.106,4,7
2564,1.123,4,11
2565,2.645,6,10
2566,6.993,38,8
2567,2.586,6,12
2568,3.884,21,7
2569,1.237,4,7
2570,5.396,27,8
2571,1.406,6,9
2572,1.234,4,8
2573,1.351,6,10
2574,3.051,6,10
2575,5.021,25,9
2576,2.048,6,12
2577,0.926,4,9
2578,1.348,4,10
2579,1.845,6,10
2580,2.361,6,10
2581,1.445,6,10
2582,1.145,4,6
2583,1.206,6,10
2584,1.343,6,9
2585,1.882,4,10
2586,1.717,6,10
2587,2.388,6,8
2588,1.243,4,12
2589,2.28,4,7
2590,1.662,6,11
2591,3.372,6,9
2592,2.607,6,8
2593,1.726,4,11
2594,2.41,6,10
2595,1.205,6,6
2596,2.623,6,10
2597,2.038,4,11
2598,2.378,6,9
2599,1.105,6,10
2600,2.38,6,10
2601,1.997,6,8
2602,1.644,6,11
2603,1.861,6,11
2604,6.144,6,9
2605,0.961,4,10
2606,1.188,6,11
2607,1.217,4,10
2608,1.971,6,8
2609,1.141,4,9
2610,2.373,6,9
2611,3.805,6,7
2612,1.235,4,11
2613,1.966,6,11
2614,1.656,6,11
2615,5.763,29,10
2616,2.602,6,9
2617,2.424,6,9
2618,1.333,6,10
2619,2.03,6,9
2620,1.377,6,9
2621,1.122,4,9
2622,2.587,6,9
2623,2.495,4,9
2624,1.714,6,9
2625,1.195,6,8
2626,1.867,6,9
2627,0.789,4,10
2628,1.103,6,9
2629,1.824,6,9
2630,2.068,4,9
2631,2.587,6,10
2632,2.782,6,10
2633,1.663,6,8
2634,6.584,33,10
2635,1.878,6,9
2636,2.014,6,7
2637,3.933,6,10
2638,1.364,4,8
2639,1.133,6,10
2640,5.832,32,3
2641,1.86,4,10
2642,1.903,4,9
2643,2.415,6,9
2644,1.399,6,9
2645,1.87,6,10
2646,5.153,26,6
2647,1.673,6,9
2648,1.435,6,10
2649,1.235,4,9
2650,1.234,4,11
2651,1.37,6,14
2652,1.755,4,11
2653,1.86,6,7
2654,1.857,6,11
2655,1.198,6,10
2656,2.568,6,9
2657,8.293,45,10
2658,1.402,6,10
2659,1.403,6,10
2660,6.692,36,9
2661,1.112,4,10
2662,1.189,6,12
2663,1.728,4,10
2664,1.203,6,11
2665,1.445,6,9
2666,1.64,6,12
2667,1.34,6,9
2668,1.252,4,9
2669,2.371,6,8
2670,0.723,4,11
2671,1.2,6,9
2672,1.677,6,8
2673,1.242,4,10
2674,2.381,6,10
2675,1.386,6,10
2676,6.233,31,9
2677,3.374,17,5
2678,1.207,6,7
2679,1.196,6,9
2680,0.933,4,12
2681,2.299,4,7
2682,3.157,11,11
2683,1.972,6,13
2684,1.86,6,9
2685,1.596,4,11
2686,1.13,6,9
2687,1.208,6,8
2688,1.197,6,7
2689,1.698,6,10
2690,4.188,6,9
2691,1.87,6,11
2692,1.827,6,9
2693,1.387,6,9
2694,1.866,6,9
2695,0.718,4,8
2696,1.653,6,10
2697,3.372,6,9
2698,5.961,30,6
2699,1.202,6,9
2700,2.017,6,10
2701,2.783,6,8
2702,1.304,4,9
2703,2.041,6,9
2704,1.843,6,9
2705,0.928,4,11
2706,1.59,4,11
2707,1.356,4,10
2708,1.223,4,10
2709,3.666,4,7
2710,1.982,6,10
2711,1.395,6,11
2712,1.398,6,9
2713,1.362,6,9
2714,0.791,4,10
2715,5.768,29,9
2716,1.225,4,9
2717,0.916,4,11
2718,2.039,6,13
2719,0.938,4,12
2720,1.19,6,9
2721,2.364,6,11
2722,2.376,4,9
2723,1.362,6,10
2724,2.011,6,10
2725,0.934,4,8
2726,1.701,6,7
2727,1.323,6,8
2728,3.033,6,9
2729,1.108,6,10
2730,1.379,7,10
2731,1.713,6,8
2732,1.388,6,8
2733,1.2,6,8
2734,2.778,6,9
2735,1.862,6,10
2736,1.865,6,13
2737,1.345,6,8
2738,1.877,6,11
2739,1.364,6,11
2740,1.858,6,11
2741,1.713,6,10
2742,2.357,6,12
2743,1.669,6,8
2744,2.393,6,11
2745,2.563,6,10
2746,0.883,4,8
2747,2.829,6,12
2748,2.425,6,8
2749,1.344,6,10
2750,1.375,6,9
2751,1.442,6,13
2752,1.323,6,13
2753,0.926,4,12
2754,5.667,29,10
2755,1.961,6,8
2756,1.998,6,12
2757,1.642,6,11
2758,1.131,6,10
2759,1.334,6,11
2760,1.192,6,11
2761,3.579,6,9
2762,1.128,6,11
2763,0.906,4,9
2764,1.207,6,9
2765,1.868,6,10
2766,1.143,4,8
2767,2.615,6,11
2768,1.096,4,11
2769,1.643,6,11
2770,1.651,6,10
2771,1.214,6,12
2772,3.526,19,4
2773,1.433,6,10
2774,1.717,4,9
2775,2.56,6,9
2776,1.231,4,9
2777,1.202,6,11
2778,1.202,6,8
2779,5.452,27,9
2780,0.79,4,7
2781,1.845,6,11
2782,1.359,6,11
2783,2.576,6,7
2784,3.095,6,10
2785,1.129,6,9
2786,0.888,4,7
2787,1.881,6,8
2788,2.389,6,10
2789,1.39,6,8
2790,3.934,21,8
2791,1.655,6,10
2792,3.536,6,8
2793,0.78,4,8
2794,1.869,6,10
2795,1.394,6,9
2796,1.709,4,10
2797,1.892,6,11
2798,1.839,6,11
2799,5.442,27,12
2800,2.34,6,9
2801,1.21,6,10
2802,2.822,6,9
2803,1.143,4,8
2804,0.891,4,10
2805,1.434,6,8
2806,1.874,6,8
2807,1.703,6,9
2808,2.821,6,7
2809,1.872,6,10
2810,2.019,6,9
2811,12.887,64,8
2812,1.668,6,9
2813,6.323,34,4
2814,4.404,22,6
2815,1.692,6,11
2816,0.881,4,10
2817,0.937,4,10
2818,1.142,4,9
2819,1.984,6,6
2820,5.763,29,7
2821,1.646,6,9
2822,0.896,4,3
2823,3.629,6,9
2824,7.261,36,7
2825,1.376,6,10
2826,1.32,6,7
2827,1.349,6,10
2828,1.378,6,10
2829,3.781,6,10
2830,1.446,6,11
2831,2.644,6,10
2832,1.708,6,13
2833,0.91,4,10
2834,1.124,6,10
2835,2.791,6,8
2836,0.924,4,11
2837,0.783,4,10
2838,1.72,6,10
2839,1.106,6,9
2840,2.049,6,9
2841,0.94,4,9
2842,0.797,4,10
2843,1.694,6,8
2844,2.366,6,11
2845,1.876,6,10
2846,0.78,4,10
2847,1.133,4,13
2848,1.398,6,9
2849,1.131,4,9
2850,2.065,4,8
2851,0.791,4,10
2852,1.377,6,9
2853,0.777,4,8
2854,1.096,4,8
2855,1.672,6,9
2856,1.375,6,9
2857,1.379,6,10
2858,1.667,6,14
2859,1.721,4,12
2860,2.601,6,9
2861,1.404,6,11
2862,2.614,6,10
2863,1.823,6,9
2864,2.528,4,9
2865,1.106,6,5
2866,1.215,6,11
2867,3.413,17,11
2868,2.418,6,9
2869,2.037,6,10
2870,5.101,6,6
2871,1.839,6,11
2872,1.97,6,8
2873,5.815,31,11
2874,1.741,4,9
2875,1.311,4,11
2876,3.811,6,11
2877,1.224,4,13
2878,1.867,6,11
2879,1.817,6,10
2880,1.902,4,10
2881,0.873,4,10
2882,1.649,6,11
2883,1.199,6,4
2884,1.145,4,9
2885,1.713,6,9
2886,1.819,6,10
2887,1.138,4,9
2888,1.113,6,11
2889,1.69,6,9
2890,1.205,6,12
2891,2.369,6,7
2892,6.924,35,8
2893,2.857,6,9
2894,0.908,4,8
2895,1.401,6,8
2896,1.208,6,7
2897,0.889,4,11
2898,1.887,6,10
2899,5.64,28,11
2900,3.702,6,10
2901,1.864,6,11
2902,1.748,4,10
2903,0.913,4,10
2904,2.37,4,10
2905,1.847,6,10
2906,1.109,4,13
2907,2.806,7,10
2908,0.906,4,8
2909,1.887,6,9
2910,1.123,6,11
2911,2.421,6,11
2912,1.88,6,13
2913,2.553,4,11
2914,0.941,4,11
2915,1.716,6,11
2916,1.716,6,9
2917,1.878,6,10
2918,5.187,28,10
2919,1.403,6,12
2920,1.198,6,10
2921,1.142,4,9
2922,0.89,4,6
2923,0.881,4,9
2924,1.838,6,11
2925,0.734,4,13
2926,1.657,6,9
2927,7.314,37,9
2928,1.446,6,9
2929,2.043,6,8
2930,1.871,6,8
2931,3.938,6,9
2932,1.444,6,11
2933,1.713,6,10
2934,1.829,6,10
2935,1.856,6,10
2936,1.342,6,13
2937,2.282,8,11
2938,1.364,6,10
2939,1.362,4,11
2940,0.783,4,7
2941,1.852,4,7
2942,2.603,6,10
2943,0.88,4,9
2944,1.75,4,7
2945,2.495,4,10
2946,1.695,6,10
2947,1.404,6,12
2948,1.718,6,9
2949,1.711,6,12
2950,0.898,4,11
2951,2.022,6,9
2952,2.834,6,9
2953,0.725,4,10
2954,1.431,6,10
2955,1.658,6,8
2956,2.388,6,10
2957,1.117,4,12
2958,1.334,4,8
2959,1.211,6,10
2960,1.639,6,10
2961,6.258,31,10
2962,1.838,6,11
2963,1.119,6,6
2964,1.961,6,12
2965,1.85,6,10
2966,2.587,6,11
2967,0.794,4,11
2968,1.712,6,9
2969,2.423,6,8
2970,6.423,34,7
2971,2.907,6,11
2972,1.096,6,11
2973,1.72,6,9
2974,2.602,6,10
2975,1.115,6,8
2976,1.661,6,10
2977,1.964,6,10
2978,1.098,6,11
2979,1.852,6,12
2980,1.402,6,11
2981,2.626,6,7
2982,1.65,6,9
2983,3.814,6,11
2984,1.758,4,10
2985,1.11,4,11
2986,1.385,6,9
2987,4.223,21,6
2988,1.392,6,10
2989,1.694,6,10
2990,1.663,6,8
2991,2.829,6,11
2992,2.354,4,10
2993,0.888,4,8
2994,1.121,6,6
2995,1.198,6,10
2996,1.586,4,10
2997,1.666,6,9
2998,1.385,6,9
2999,3.524,6,11
3000,1.104,6,7
3001,1.849,6,9
3002,1.989,6,9
3003,1.702,4,10
3004,1.35,4,12
3005,3.449,6,8
3006,1.83,6,12
3007,2.353,6,10
3008,1.404,6,8
3009,1.13,6,10
3010,2.366,4,9
3011,1.693,6,6
3012,1.672,6,10
3013,2.366,6,12
3014,1.144,4,12
3015,2.417,6,10
3016,2.589,6,11
3017,3.516,6,8
3018,1.243,4,9
3019,2.364,6,9
3020,1.883,6,7
3021,1.44,6,9
3022,2.031,6,8
3023,3.541,6,9
3024,1.23,4,11
3025,1.188,6,10
3026,1.24,4,10
3027,1.437,6,11
3028,0.724,4,9
3029,1.828,6,10
3030,1.19,6,10
3031,5.454,29,10
3032,1.971,6,8
3033,0.782,4,4
3034,1.096,6,8
3035,5.702,31,10
3036,1.89,6,11
3037,1.381,6,11
3038,1.988,6,10
3039,1.665,6,10
3040,1.71,6,13
3041,6.792,34,10
3042,0.795,4,4
3043,1.129,4,12
3044,1.352,4,9
3045,1.921,4,8
3046,2.05,6,6
3047,4.803,24,9
3048,1.712,6,7
3049,4.804,24,8
3050,0.923,4,7
3051,2.373,6,10
3052,1.143,4,9
3053,1.402,6,9
3054,1.96,6,13
3055,1.867,6,11
3056,1.642,6,7
3057,2.007,6,10
3058,1.19,6,9
3059,0.955,4,9
3060,4.135,22,10
3061,1.392,6,10
3062,1.385,6,7
3063,1.968,6,10
3064,1.399,6,11
3065,1.144,4,8
3066,1.232,4,11
3067,1.863,6,10
3068,1.226,4,10
3069,0.992,6,11
3070,1.319,4,9
3071,8.742,47,9
3072,1.387,6,11
3073,1.855,6,7
3074,0.966,4,10
3075,1.249,4,7
3076,3.774,6,8
3077,1.654,6,9
3078,1.392,6,10
3079,1.825,6,11
3080,1.098,6,7
3081,0.735,4,11
3082,2.711,4,10
3083,5.645,28,10
3084,1.327,4,11
3085,1.191,6,11
3086,1.188,6,10
3087,1.707,6,9
3088,1.128,6,12
3089,1.198,6,10
3090,1.146,4,8
3091,2.38,6,9
3092,0.744,4,8
3093,0.788,4,10
3094,1.108,4,10
3095,1.121,6,11
3096,0.789,4,6
3097,0.908,4,12
3098,1.991,6,11
3099,1.993,6,8
3100,3.708,6,9
3101,2.032,6,9
3102,1.139,4,8
3103,1.858,6,10
3104,3.329,6,11
3105,1.142,4,10
3106,1.096,6,8
3107,4.055,6,8
3108,3.719,6,11
3109,4.243,6,9
3110,4.254,21,10
3111,1.24,4,6
3112,1.72,6,9
3113,1.379,6,10
3114,2.023,6,11
3115,1.093,4,12
3116,1.975,6,8
3117,1.348,4,12
3118,1.717,6,9
3119,1.35,6,10
3120,2.652,6,9
3121,2.648,6,9
3122,0.885,4,8
3123,3.768,6,12
3124,5.667,31,10
3125,1.211,6,9
3126,1.124,6,10
3127,2.757,6,10
3128,2.041,11,9
3129,1.214,4,8
3130,2.407,6,10
3131,1.206,6,4
3132,0.897,4,11
3133,1.22,4,10
3134,1.715,6,10
3135,5.744,29,11
3136,5.989,32,6
3137,1.196,6,9
3138,0.914,4,11
3139,1.332,6,11
3140,1.562,4,7
3141,1.194,6,11
3142,5.184,6,7
3143,1.698,6,8
3144,1.355,4,8
3145,0.921,4,8
3146,2.353,6,8
3147,1.867,4,8
3148,2.032,6,7
3149,1.887,6,10
3150,1.188,6,10
3151,2.638,6,8
3152,0.729,4,9
3153,4.094,6,10
3154,1.329,4,9
3155,1.097,6,11
3156,1.665,6,9
3157,1.88,6,8
3158,1.348,6,9
3159,0.737,4,9
3160,0.742,4,8
3161,1.349,4,8
3162,3.053,6,10
3163,2.776,6,10
3164,3.036,6,11
3165,1.691,6,10
3166,8.055,40,11
3167,1.82,6,7
3168,1.212,6,12
3169,1.34,4,9
3170,0.716,4,10
3171,2.271,8,11
3172,1.358,4,6
3173,1.882,6,10
3174,1.387,6,9
3175,1.341,6,10
3176,1.705,6,11
3177,7.467,41,8
3178,1.832,6,9
3179,1.664,6,9
3180,2.875,4,9
3181,2.39,6,9
3182,1.258,4,11
3183,6.985,35,8
3184,1.845,6,10
3185,2.008,6,9
3186,2.774,6,9
3187,1.127,6,10
3188,2.567,6,8
3189,1.133,6,10
3190,3.522,6,10
3191,2.346,4,10
3192,0.715,4,11
3193,2.595,4,9
3194,1.968,6,10
3195,0.733,4,10
3196,1.091,6,8
3197,1.891,6,10
3198,1.217,6,9
3199,1.193,6,9
3200,2.068,4,10
3201,1.845,6,11
3202,1.654,6,11
3203,0.902,4,7
3204,0.932,4,7
3205,1.404,6,10
3206,1.857,6,9
3207,1.708,6,7
3208,1.2,6,11
3209,2.594,6,9
3210,0.712,4,4
3211,1.362,6,10
3212,0.991,6,7
3213,5.14,28,10
3214,0.959,4,10
3215,2.405,6,11
3216,1.37,6,9
3217,0.884,4,9
3218,1.103,6,7
3219,1.655,6,9
3220,1.139,4,12
3221,6.057,30,9
3222,1.7,6,9
3223,2.643,6,10
3224,1.369,6,7
3225,1.66,6,10
3226,1.674,6,8
3227,1.984,6,7
3228,1.392,6,8
3229,4.246,6,8
3230,4.42,22,7
3231,0.906,4,6
3232,2.603,6,13
3233,1.716,6,11
3234,2.397,6,7
3235,5.853,32,10
3236,1.352,6,10
3237,2.028,6,12
3238,1.258,4,8
3239,2.765,6,11
3240,1.581,4,10
3241,1.679,6,10
3242,1.398,6,7
3243,1.364,6,11
3244,0.722,4,10
3245,3.056,6,8
3246,0.913,4,9
3247,1.111,4,11
3248,1.708,6,11
3249,1.192,6,10
3250,1.705,6,9
3251,6.726,36,11
3252,5.055,27,4
3253,2.371,6,9
3254,2.815,6,11
3255,1.103,4,10
3256,1.738,4,9
3257,1.138,4,8
3258,1.87,6,9
3259,1.122,6,10
3260,0.935,4,10
3261,1.38,6,11
3262,2.603,6,8
3263,2.021,6,9
3264,1.878,6,13
3265,1.696,6,9
3266,3.737,20,7
3267,1.201,6,7
3268,1.36,4,12
3269,2.78,6,8
3270,1.116,6,12
3271,2.602,6,9
3272,2.354,6,8
3273,1.407,6,11
3274,8.323,41,11
3275,1.874,6,11
3276,2.585,6,10
3277,2.847,6,8
3278,1.216,6,11
3279,0.732,4,8
3280,1.306,4,9
3281,1.711,6,10
3282,1.431,6,11
3283,1.212,6,7
3284,1.646,6,9
3285,1.716,6,11
3286,0.965,4,10
3287,1.991,6,9
3288,6.343,32,9
3289,1.198,6,11
3290,2.014,6,9
3291,6.039,30,11
3292,2.305,4,10
3293,1.44,6,10
3294,2.403,6,9
3295,0.721,4,10
3296,2.023,6,11
3297,2.042,6,10
3298,1.85,6,11
3299,2.08,4,7
3300,1.673,6,10
3301,2.007,6,10
3302,0.874,4,9
3303,1.227,4,8
3304,1.995,6,9
3305,2.615,6,11
3306,2.884,6,8
3307,0.782,4,9
3308,3.951,6,10
3309,1.213,6,8
3310,1.709,6,10
3311,1.386,6,9
3312,2.807,6,8
3313,2.394,6,10
3314,2.594,6,8
3315,5.442,30,9
3316,2.765,4,10
3317,1.999,6,12
3318,2.042,6,12
3319,11.057,55,9
3320,1.709,6,10
3321,1.449,6,9
3322,1.726,6,9
3323,0.783,4,10
3324,0.735,4,9
3325,1.955,6,8
3326,1.348,6,10
3327,1.634,6,11
3328,1.377,6,11
3329,1.584,4,6
3330,1.443,6,9
3331,1.707,6,9
3332,2.601,6,8
3333,1.137,4,7
3334,1.247,4,9
3335,1.345,4,10
3336,1.576,4,11
3337,2.447,4,10
3338,0.922,4,8
3339,1.221,4,9
3340,1.096,6,9
3341,1.853,6,9
3342,2.372,6,9
3343,1.148,4,7
3344,1.721,6,9
3345,1.611,4,9
3346,3.542,6,7
3347,1.399,6,10
3348,5.784,6,11
3349,0.741,4,10
3350,1.384,6,8
3351,1.882,4,10
3352,2.354,6,9
3353,5.079,6,10
3354,0.793,4,9
3355,1.395,6,11
3356,0.717,4,7
3357,1.192,6,8
3358,4.828,26,8
3359,1.121,4,7
3360,2.641,6,9
3361,1.243,4,8
3362,0.731,4,5
3363,1.361,4,10
3364,2.578,4,10
3365,1.368,6,8
3366,1.848,6,7
3367,1.724,4,9
3368,1.714,4,8
3369,1.379,6,11
3370,3.356,6,12
3371,1.133,4,9
3372,1.1,4,10
3373,5.279,26,9
3374,1.447,6,10
3375,0.716,4,8
3376,1.126,4,11
3377,1.597,4,7
3378,1.711,6,12
3379,1.091,6,8
3380,0.935,4,12
3381,1.74,4,10
3382,1.741,4,8
3383,1.666,6,9
3384,2.355,6,8
3385,0.714,4,11
3386,1.709,6,7
3387,1.352,6,7
3388,1.117,6,11
3389,1.209,6,10
3390,1.966,6,9
3391,0.792,4,7
3392,1.307,4,9
3393,1.372,6,11
3394,0.728,4,8
3395,2.104,4,9
