id,generation_time_seconds,diffusion_steps,n_entities_pinned
0,17.202,64,8
1,9.662,64,8
2,13.865,64,9
3,12.09,64,11
4,11.777,64,9
5,7.885,64,5
6,19.03,64,8
7,24.106,64,9
8,13.727,64,9
9,27.553,64,9
10,36.973,64,12
11,16.854,64,11
12,13.027,64,10
13,20.474,64,11
14,29.094,64,11
15,9.699,64,8
16,27.522,64,7
17,14.075,64,9
18,27.615,64,8
19,17.24,64,9
20,17.247,64,11
21,23.938,64,8
22,29.083,64,10
23,20.313,64,11
24,29.545,64,14
25,29.441,64,11
26,7.966,64,10
27,12.2,64,12
28,37.103,64,10
29,14.013,64,9
30,23.44,64,10
31,17.138,64,10
32,18.772,64,11
33,20.254,64,10
34,17.503,64,11
35,14.07,64,11
36,20.305,64,12
37,29.435,64,9
38,18.563,64,9
39,29.293,64,7
40,8.955,64,10
41,27.412,64,9
42,14.279,64,11
43,13.728,64,11
44,17.337,64,8
45,26.831,64,8
46,23.673,64,11
47,9.573,64,10
48,23.644,64,9
49,9.78,64,9
50,23.682,64,9
51,13.95,64,8
52,17.572,64,9
53,17.601,64,10
54,18.716,64,8
55,25.515,64,9
56,17.252,64,10
57,12.21,64,10
58,20.652,64,9
59,138.754,64,9
60,20.554,64,12
61,18.736,64,11
62,20.533,64,10
63,17.118,64,11
64,13.575,64,5
65,35.09,64,7
66,18.706,64,8
67,16.876,64,7
68,23.724,64,8
69,29.36,64,7
70,9.582,64,8
71,23.744,64,8
72,18.385,64,9
73,20.35,64,9
74,13.045,64,12
75,17.253,64,10
76,17.366,64,10
77,14.063,64,11
78,23.721,64,11
79,18.955,64,12
80,16.961,64,11
81,13.459,64,10
82,18.589,64,11
83,18.388,64,12
84,14.244,64,8
85,17.101,64,6
86,27.426,64,9
87,19.108,64,8
88,17.275,64,11
89,17.096,64,9
90,20.696,64,10
91,13.829,64,10
92,17.274,64,9
93,23.579,64,9
94,24.124,64,10
95,17.365,64,10
96,12.947,64,10
97,16.881,64,10
98,20.021,64,13
99,25.692,64,10
100,20.052,64,9
101,18.64,64,10
102,23.516,64,10
103,25.85,64,7
104,47.464,64,10
105,14.053,64,10
106,44.982,64,9
107,13.645,64,7
108,23.685,64,8
109,12.864,64,8
110,9.763,64,12
111,12.024,64,11
112,13.913,64,10
113,13.996,64,8
114,13.064,64,10
115,18.515,64,9
116,23.819,64,8
117,13.64,64,9
118,13.863,64,10
119,29.557,64,12
120,23.919,64,9
121,40.608,64,9
122,25.575,64,11
123,17.473,64,8
124,13.883,64,10
125,13.955,64,8
126,13.101,64,9
127,13.828,64,9
128,17.068,64,9
129,23.898,64,10
130,13.133,64,10
131,17.089,64,7
132,17.356,64,10
133,14.12,64,11
134,24.15,64,12
135,11.88,64,11
136,26.056,64,11
137,12.004,64,11
138,13.487,64,9
139,9.755,64,11
140,13.576,64,10
141,12.884,64,8
142,17.399,64,10
143,9.694,64,8
144,16.911,64,9
145,20.419,64,7
146,13.865,64,10
147,29.677,64,9
148,23.791,64,8
149,13.533,64,10
150,13.176,64,10
151,13.705,64,9
152,16.885,64,10
153,9.249,64,8
154,18.944,64,10
155,23.71,64,6
156,40.178,64,11
157,13.838,64,11
158,17.129,64,10
159,27.635,64,10
160,13.929,64,9
161,14.182,64,11
162,9.738,64,8
163,13.962,64,7
164,12.115,64,8
165,26.955,64,8
166,26.035,64,9
167,9.633,64,8
168,25.654,64,8
169,18.543,64,12
170,24.152,64,6
171,12.169,64,10
172,17.069,64,11
173,9.58,64,9
174,13.615,64,11
175,17.208,64,12
176,25.854,64,11
177,17.54,64,10
178,12.982,64,11
179,13.91,64,12
180,17.473,64,8
181,18.407,64,11
182,13.125,64,10
183,7.847,64,6
184,14.066,64,9
185,23.78,64,10
186,13.495,64,11
187,12.055,64,11
188,24.063,64,9
189,14.268,64,9
190,16.948,64,8
191,17.12,64,9
192,20.177,64,9
193,18.88,64,10
194,20.461,64,11
195,33.263,64,10
196,16.93,64,8
197,24.034,64,7
198,16.891,64,14
199,19.111,64,7
200,20.164,64,9
201,13.943,64,9
202,35.054,64,11
203,14.059,64,11
204,13.738,64,10
205,18.568,64,8
206,12.196,64,11
207,27.204,64,10
208,13.152,64,12
209,18.705,64,13
210,14.17,64,10
211,12.961,64,10
212,13.142,64,10
213,17.645,64,8
214,17.336,64,11
215,13.767,64,11
216,17.263,64,8
217,18.732,64,9
218,23.977,64,12
219,17.477,64,9
220,25.545,64,12
221,23.517,64,8
222,25.662,64,12
223,13.041,64,12
224,13.593,64,11
225,17.455,64,10
226,13.617,64,11
227,13.076,64,8
228,13.814,64,10
229,16.99,64,11
230,23.668,64,8
231,20.57,64,10
232,18.598,64,10
233,13.178,64,8
234,17.447,64,11
235,17.506,64,10
236,17.242,64,8
237,24.071,64,9
238,9.129,64,10
239,16.884,64,7
240,13.153,64,11
241,18.521,64,9
242,18.669,64,13
243,16.966,64,10
244,25.961,64,12
245,25.84,64,7
246,19.041,64,11
247,18.769,64,9
248,26.186,64,10
249,13.125,64,9
250,12.916,64,10
251,20.47,64,9
252,17.502,64,12
253,23.946,64,10
254,19.107,64,10
255,25.787,64,13
256,19.092,64,7
257,9.795,64,5
258,14.258,64,9
259,17.241,64,9
260,20.156,64,8
261,12.088,64,9
262,19.048,64,9
263,23.604,64,10
264,16.803,64,11
265,13.072,64,11
266,13.215,64,10
267,13.786,64,8
268,36.898,64,11
269,34.869,64,9
270,9.5,64,12
271,20.518,64,9
272,29.78,64,12
273,23.987,64,8
274,11.89,64,7
275,13.038,64,8
276,20.632,64,9
277,17.452,64,10
278,20.017,64,11
279,34.948,64,9
280,13.623,64,7
281,23.582,64,8
282,17.252,64,9
283,14.143,64,8
284,20.261,64,11
285,13.117,64,10
286,20.544,64,11
287,25.766,64,7
288,16.883,64,8
289,20.366,64,11
290,18.942,64,10
291,16.89,64,10
292,25.702,64,8
293,14.199,64,11
294,18.29,64,11
295,12.908,64,10
296,23.865,64,10
297,17.101,64,9
298,18.995,64,9
299,17.43,64,9
300,17.602,64,10
301,14.157,64,9
302,9.747,64,10
303,18.479,64,9
304,12.205,64,9
305,17.427,64,9
306,13.135,64,9
307,13.188,64,10
308,20.414,64,11
309,37.229,64,9
310,23.618,64,8
311,20.409,64,9
312,17.218,64,7
313,27.461,64,10
314,29.145,64,12
315,29.046,64,7
316,16.981,64,8
317,16.928,64,10
318,16.888,64,9
319,9.308,64,9
320,27.392,64,10
321,35.161,64,8
322,40.002,64,11
323,17.243,64,11
324,14.252,64,8
325,17.061,64,10
326,19.089,64,9
327,20.573,64,9
328,16.823,64,10
329,18.645,64,9
330,18.423,64,10
331,14.172,64,8
332,14.023,64,10
333,14.066,64,12
334,16.927,64,9
335,16.989,64,8
336,17.389,64,10
337,18.921,64,8
338,12.048,64,10
339,26.028,64,10
340,12.2,64,11
341,18.672,64,7
342,7.586,64,10
343,27.509,64,8
344,13.643,64,9
345,18.952,64,11
346,18.935,64,7
347,20.244,64,10
348,13.858,64,12
349,18.373,64,11
350,18.835,64,8
351,23.775,64,7
352,18.701,64,11
353,18.406,64,8
354,33.191,64,11
355,18.641,64,12
356,17.051,64,10
357,19.091,64,10
358,17.116,64,10
359,13.142,64,7
360,17.501,64,8
361,29.663,64,8
362,13.938,64,9
363,26.286,64,7
364,13.629,64,9
365,12.164,64,8
366,23.662,64,7
367,17.024,64,11
368,13.907,64,9
369,17.54,64,11
370,18.579,64,13
371,13.807,64,9
372,16.943,64,12
373,18.86,64,9
374,17.452,64,8
375,9.606,64,8
376,12.209,64,7
377,12.986,64,8
378,26.061,64,7
379,25.794,64,8
380,9.204,64,9
381,26.052,64,12
382,20.464,64,9
383,11.902,64,10
384,18.638,64,10
385,20.457,64,13
386,13.754,64,11
387,8.094,64,4
388,18.701,64,11
389,17.064,64,11
390,20.594,64,10
391,13.619,64,4
392,26.221,64,13
393,18.657,64,10
394,13.585,64,11
395,20.453,64,10
396,12.164,64,7
397,14.209,64,9
398,13.542,64,9
399,11.93,64,9
400,13.006,64,11
401,13.755,64,5
402,29.401,64,8
403,20.527,64,8
404,13.953,64,10
405,16.882,64,8
406,19.925,64,11
407,13.724,64,9
408,40.731,64,12
409,9.689,64,10
410,13.145,64,8
411,9.351,64,12
412,23.73,64,9
413,13.448,64,11
414,17.333,64,10
415,9.661,64,13
416,14.064,64,10
417,13.705,64,12
418,27.378,64,10
419,13.737,64,13
420,7.564,64,8
421,13.769,64,11
422,9.451,64,11
423,20.267,64,8
424,18.496,64,12
425,9.604,64,11
426,16.801,64,11
427,23.774,64,10
428,18.543,64,11
429,13.034,64,5
430,18.92,64,8
431,19.022,64,9
432,18.714,64,9
433,13.915,64,10
434,26.055,64,6
435,9.645,64,11
436,25.547,64,10
437,13.857,64,10
438,23.745,64,10
439,13.953,64,6
440,13.806,64,9
441,24.045,64,10
442,23.957,64,8
443,12.141,64,9
444,37.455,64,9
445,14.189,64,10
446,14.123,64,10
447,17.632,64,10
448,17.014,64,10
449,25.861,64,11
450,25.93,64,8
451,7.9,64,10
452,9.547,64,10
453,18.779,64,10
454,18.766,64,9
455,17.424,64,11
456,20.339,64,10
457,33.558,64,11
458,36.555,64,9
459,18.974,64,10
460,17.621,64,11
461,16.909,64,11
462,14.033,64,12
463,9.59,64,10
464,20.514,64,12
465,17.54,64,11
466,7.53,64,7
467,13.704,64,10
468,9.831,64,11
469,18.697,64,11
470,27.376,64,12
471,13.818,64,9
472,17.003,64,8
473,12.054,64,10
474,11.889,64,4
475,13.826,64,10
476,16.992,64,12
477,18.949,64,11
478,13.608,64,9
479,20.171,64,9
480,38.045,64,11
481,8.946,64,8
482,17.389,64,12
483,17.39,64,9
484,8.066,64,10
485,23.757,64,10
486,12.937,64,10
487,26.119,64,8
488,18.629,64,10
489,13.592,64,10
490,14.069,64,11
491,23.553,64,10
492,36.575,64,11
493,18.662,64,10
494,13.551,64,9
495,23.472,64,10
496,13.455,64,10
497,9.766,64,10
498,18.551,64,9
499,29.661,64,10
500,13.211,64,7
501,17.15,64,7
502,12.903,64,8
503,13.039,64,10
504,17.611,64,9
505,12.982,64,10
506,9.212,64,11
507,18.597,64,8
508,23.485,64,6
509,29.353,64,8
510,20.645,64,8
511,17.503,64,11
512,17.228,64,10
513,25.583,64,11
514,13.215,64,9
515,17.549,64,12
516,9.902,64,10
517,12.934,64,8
518,13.469,64,10
519,12.88,64,13
520,17.415,64,10
521,25.915,64,9
522,18.746,64,7
523,20.216,64,9
524,37.015,64,11
525,27.354,64,10
526,18.728,64,8
527,26.273,64,11
528,23.446,64,10
529,20.057,64,8
530,16.949,64,12
531,17.528,64,9
532,26.094,64,8
533,11.818,64,9
534,23.855,64,11
535,13.803,64,9
536,19.943,64,9
537,11.85,64,6
538,26.176,64,8
539,9.311,64,8
540,14.19,64,10
541,19.04,64,12
542,25.764,64,10
543,33.361,64,11
544,16.87,64,8
545,20.528,64,10
546,25.82,64,9
547,17.228,64,9
548,23.514,64,8
549,7.938,64,8
550,29.56,64,8
551,17.148,64,8
552,18.776,64,8
553,13.778,64,10
554,12.021,64,10
555,13.529,64,8
556,19.042,64,9
557,13.919,64,6
558,18.723,64,9
559,13.005,64,10
560,20.46,64,10
561,27.434,64,10
562,12.176,64,2
563,23.589,64,9
564,23.86,64,7
565,33.279,64,12
566,20.549,64,9
567,33.23,64,14
568,7.507,64,6
569,9.595,64,11
570,17.002,64,10
571,11.984,64,9
572,13.82,64,9
573,19.107,64,11
574,14.185,64,10
575,9.573,64,10
576,18.926,64,8
577,13.01,64,11
578,7.698,64,5
579,9.748,64,9
580,13.576,64,10
581,13.548,64,7
582,19.008,64,11
583,18.53,64,10
584,20.461,64,9
585,24.086,64,10
586,12.223,64,10
587,26.202,64,11
588,19.012,64,6
589,18.675,64,7
590,13.743,64,11
591,9.783,64,8
592,17.033,64,9
593,38.366,64,13
594,19.006,64,8
595,16.969,64,7
596,18.691,64,8
597,28.995,64,9
598,13.899,64,9
599,26.024,64,7
600,17.476,64,7
601,16.919,64,10
602,19.062,64,11
603,13.212,64,10
604,12.999,64,7
605,9.443,64,12
606,14.194,64,8
607,27.314,64,10
608,23.723,64,9
609,26.922,64,10
610,20.631,64,11
611,20.453,64,9
612,13.688,64,11
613,20.624,64,13
614,18.589,64,10
615,12.036,64,9
616,29.12,64,9
617,25.657,64,9
618,27.644,64,8
619,23.53,64,8
620,20.35,64,9
621,18.624,64,7
622,17.187,64,9
623,13.432,64,11
624,17.625,64,9
625,9.07,64,9
626,25.949,64,6
627,14.224,64,8
628,17.096,64,9
629,18.59,64,10
630,9.006,64,9
631,20.386,64,10
632,27.22,64,9
633,12.155,64,12
634,18.631,64,6
635,11.818,64,9
636,26.852,64,11
637,29.661,64,8
638,13.918,64,10
639,14.185,64,11
640,7.668,64,7
641,12.844,64,8
642,20.487,64,12
643,9.832,64,9
644,27.307,64,12
645,20.251,64,8
646,19.977,64,8
647,18.853,64,7
648,20.595,64,12
649,24.124,64,10
650,13.894,64,12
651,18.96,64,8
652,12.963,64,4
653,12.213,64,11
654,13.123,64,11
655,20.563,64,8
656,16.838,64,11
657,35.107,64,9
658,12.071,64,9
659,18.471,64,11
660,24.038,64,12
661,11.965,64,9
662,36.64,64,11
663,27.276,64,7
664,17.557,64,9
665,9.812,64,10
666,27.588,64,7
667,13.129,64,10
668,9.822,64,8
669,14.072,64,6
670,9.029,64,10
671,13.924,64,8
672,9.405,64,10
673,40.835,64,11
674,18.346,64,12
675,20.424,64,11
676,23.814,64,10
677,12.175,64,12
678,13.186,64,9
679,25.584,64,11
680,20.457,64,8
681,18.576,64,9
682,14.168,64,11
683,12.154,64,10
684,12.183,64,8
685,26.09,64,11
686,17.615,64,9
687,17.281,64,8
688,14.151,64,12
689,20.11,64,10
690,19.968,64,8
691,14.049,64,8
692,17.282,64,11
693,23.569,64,8
694,13.955,64,9
695,18.678,64,10
696,20.664,64,8
697,13.697,64,8
698,26.158,64,9
699,13.739,64,7
700,17.387,64,11
701,16.869,64,8
702,20.475,64,10
703,13.537,64,9
704,13.543,64,6
705,16.895,64,9
706,35.025,64,10
707,20.245,64,9
708,29.531,64,13
709,26.144,64,8
710,27.513,64,8
711,20.512,64,10
712,17.623,64,8
713,23.881,64,8
714,11.871,64,9
715,23.698,64,8
716,9.687,64,7
717,16.975,64,10
718,18.683,64,10
719,20.103,64,9
720,14.056,64,9
721,12.209,64,7
722,13.583,64,11
723,9.159,64,8
724,18.521,64,11
725,18.536,64,11
726,12.077,64,11
727,25.532,64,11
728,16.937,64,10
729,7.615,64,6
730,17.479,64,11
731,13.462,64,11
732,18.423,64,12
733,36.767,64,12
734,13.039,64,9
735,17.015,64,8
736,13.835,64,11
737,13.869,64,10
738,13.898,64,7
739,11.922,64,8
740,13.202,64,9
741,26.004,64,8
742,17.407,64,11
743,9.115,64,10
744,9.12,64,10
745,12.87,64,10
746,18.861,64,10
747,16.96,64,8
748,13.1,64,10
749,9.245,64,10
750,17.382,64,10
751,20.102,64,11
752,16.879,64,9
753,24.143,64,8
754,12.865,64,6
755,18.881,64,10
756,13.861,64,10
757,18.639,64,10
758,17.329,64,7
759,13.55,64,10
760,14.121,64,8
761,13.472,64,11
762,12.192,64,12
763,23.545,64,11
764,25.802,64,9
765,20.111,64,9
766,20.466,64,14
767,8.064,64,3
768,12.077,64,10
769,13.146,64,13
770,17.455,64,9
771,13.188,64,10
772,17.503,64,11
773,20.307,64,12
774,23.583,64,11
775,17.394,64,10
776,29.106,64,10
777,19.982,64,10
778,13.592,64,10
779,20.34,64,8
780,13.096,64,12
781,18.513,64,8
782,17.034,64,10
783,13.605,64,10
784,23.478,64,7
785,8.004,64,5
786,12.874,64,8
787,11.957,64,10
788,18.932,64,9
789,13.49,64,8
790,25.893,64,6
791,17.253,64,11
792,7.855,64,10
793,27.552,64,11
794,17.391,64,11
795,17.383,64,9
796,12.9,64,10
797,13.855,64,9
798,13.927,64,12
799,12.902,64,10
800,13.432,64,8
801,9.493,64,8
802,16.945,64,10
803,17.481,64,10
804,25.881,64,12
805,18.621,64,12
806,17.034,64,11
807,12.189,64,12
808,26.172,64,10
809,13.694,64,11
810,18.465,64,9
811,13.024,64,10
812,18.751,64,11
813,37.341,64,7
814,33.355,64,11
815,17.244,64,12
816,13.221,64,9
817,13.208,64,11
818,36.593,64,7
819,18.658,64,10
820,13.852,64,9
821,40.635,64,9
822,17.156,64,10
823,20.619,64,11
824,14.048,64,9
825,17.095,64,9
826,26.021,64,9
827,17.295,64,9
828,17.51,64,9
829,26.863,64,7
830,23.48,64,10
831,17.629,64,11
832,18.849,64,10
833,14.051,64,7
834,20.243,64,8
835,12.889,64,7
836,12.114,64,6
837,29.541,64,7
838,18.962,64,10
839,18.484,64,11
840,13.696,64,9
841,25.836,64,12
842,24.03,64,10
843,18.653,64,11
844,13.937,64,8
845,13.72,64,10
846,14.065,64,8
847,12.084,64,10
848,29.612,64,8
849,23.863,64,9
850,12.21,64,6
851,13.2,64,10
852,23.763,64,8
853,17.057,64,8
854,23.754,64,10
855,26.139,64,10
856,12.136,64,10
857,20.186,64,11
858,13.089,64,9
859,13.865,64,12
860,13.623,64,11
861,24.005,64,10
862,16.957,64,10
863,7.917,64,4
864,18.963,64,12
865,9.416,64,9
866,20.02,64,11
867,17.13,64,9
868,11.824,64,9
869,23.731,64,7
870,24.167,64,9
871,24.031,64,11
872,17.129,64,9
873,17.186,64,9
874,13.213,64,10
875,20.459,64,8
876,13.083,64,9
877,18.826,64,10
878,13.209,64,12
879,13.927,64,8
880,13.745,64,8
881,13.009,64,9
882,27.478,64,8
883,9.49,64,8
884,18.924,64,11
885,14.142,64,9
886,14.066,64,9
887,20.366,64,9
888,24.147,64,11
889,13.472,64,8
890,23.539,64,11
891,13.671,64,12
892,14.205,64,8
893,9.371,64,8
894,18.573,64,9
895,28.939,64,10
896,11.899,64,10
897,9.718,64,10
898,13.544,64,7
899,17.611,64,12
900,17.505,64,12
901,17.541,64,11
902,12.205,64,8
903,18.826,64,8
904,18.66,64,13
905,33.922,64,6
906,18.605,64,10
907,18.812,64,8
908,16.891,64,9
909,17.435,64,11
910,18.568,64,9
911,20.462,64,9
912,12.068,64,10
913,7.912,64,9
914,12.852,64,8
915,13.825,64,10
916,11.992,64,10
917,13.808,64,10
918,13.149,64,9
919,14.135,64,12
920,18.522,64,13
921,18.933,64,10
922,20.131,64,11
923,14.031,64,11
924,23.871,64,7
925,23.889,64,8
926,23.647,64,13
927,14.171,64,11
928,14.213,64,10
929,18.374,64,7
930,26.179,64,10
931,20.69,64,9
932,24.147,64,9
933,14.038,64,9
934,17.419,64,6
935,13.722,64,9
936,23.595,64,7
937,13.06,64,8
938,18.632,64,10
939,20.431,64,9
940,17.152,64,9
941,9.784,64,9
942,12.845,64,10
943,9.661,64,5
944,27.309,64,6
945,25.72,64,7
946,14.163,64,11
947,17.015,64,10
948,11.825,64,9
949,11.985,64,10
950,14.074,64,7
951,39.642,64,14
952,20.45,64,11
953,13.64,64,9
954,20.432,64,8
955,25.597,64,9
956,13.701,64,12
957,13.556,64,12
958,19.985,64,6
959,29.213,64,9
960,7.519,64,5
961,7.564,64,8
962,14.024,64,10
963,14.264,64,9
964,13.823,64,10
965,13.741,64,9
966,17.071,64,9
967,27.649,64,8
968,36.938,64,10
969,16.943,64,8
970,13.581,64,12
971,7.935,64,11
972,9.057,64,7
973,17.508,64,7
974,26.119,64,8
975,20.303,64,11
976,17.624,64,10
977,24.074,64,12
978,47.85,64,10
979,24.164,64,11
980,23.648,64,10
981,20.127,64,11
982,36.647,64,9
983,18.644,64,11
984,18.637,64,8
985,20.571,64,9
986,12.203,64,11
987,26.072,64,11
988,13.147,64,8
989,17.235,64,9
990,9.662,64,8
991,23.68,64,6
992,9.742,64,10
993,9.221,64,9
994,13.967,64,8
995,11.843,64,7
996,9.092,64,7
997,17.381,64,9
998,38.068,64,9
999,11.898,64,11
1000,18.873,64,9
1001,40.533,64,11
1002,9.494,64,4
1003,19.97,64,10
1004,36.821,64,9
1005,24.002,64,9
1006,18.68,64,6
1007,13.677,64,11
1008,9.684,64,6
1009,18.57,64,10
1010,29.816,64,9
1011,17.313,64,9
1012,23.77,64,9
1013,17.515,64,9
1014,18.941,64,11
1015,20.096,64,10
1016,13.616,64,11
1017,13.564,64,9
1018,9.74,64,10
1019,23.641,64,9
1020,18.742,64,9
1021,12.155,64,10
1022,13.862,64,10
1023,11.881,64,9
1024,36.561,64,12
1025,26.164,64,8
1026,20.034,64,8
1027,17.019,64,10
1028,13.517,64,11
1029,19.006,64,9
1030,13.98,64,9
1031,19.086,64,11
1032,12.048,64,10
1033,20.53,64,9
1034,16.997,64,10
1035,23.654,64,10
1036,45.861,64,7
1037,16.941,64,11
1038,14.176,64,12
1039,35.232,64,12
1040,23.825,64,9
1041,13.105,64,9
1042,9.399,64,8
1043,13.779,64,9
1044,17.568,64,10
1045,7.546,64,5
1046,27.22,64,12
1047,26.006,64,11
1048,40.924,64,8
1049,13.571,64,10
1050,25.742,64,10
1051,17.434,64,9
1052,11.948,64,10
1053,13.74,64,9
1054,27.242,64,11
1055,13.59,64,12
1056,17.18,64,10
1057,14.216,64,11
1058,18.503,64,8
1059,9.635,64,10
1060,18.514,64,6
1061,13.974,64,8
1062,11.886,64,10
1063,18.844,64,10
1064,33.6,64,9
1065,23.47,64,7
1066,19.985,64,11
1067,35.216,64,7
1068,13.593,64,8
1069,9.812,64,12
1070,13.055,64,11
1071,11.878,64,10
1072,26.186,64,9
1073,14.206,64,10
1074,18.549,64,11
1075,27.621,64,8
1076,18.904,64,11
1077,29.14,64,9
1078,13.867,64,9
1079,9.695,64,7
1080,27.602,64,11
1081,35.302,64,9
1082,25.789,64,8
1083,20.096,64,10
1084,38.064,64,11
1085,17.395,64,11
1086,13.62,64,11
1087,20.563,64,7
1088,12.0,64,9
1089,23.809,64,9
1090,12.061,64,5
1091,23.72,64,8
1092,13.016,64,8
1093,12.181,64,10
1094,9.255,64,10
1095,16.911,64,8
1096,29.422,64,9
1097,25.647,64,9
1098,13.177,64,10
1099,27.492,64,8
1100,14.14,64,9
1101,14.041,64,8
1102,39.321,64,13
1103,17.453,64,10
1104,20.292,64,7
1105,14.135,64,9
1106,17.201,64,10
1107,18.473,64,10
1108,20.389,64,11
1109,29.301,64,11
1110,18.98,64,11
1111,17.301,64,10
1112,18.496,64,7
1113,24.062,64,8
1114,13.563,64,11
1115,13.057,64,8
1116,13.536,64,8
1117,13.632,64,10
1118,12.928,64,11
1119,23.91,64,8
1120,17.647,64,9
1121,18.457,64,10
1122,20.622,64,8
1123,18.566,64,11
1124,9.366,64,13
1125,18.547,64,10
1126,20.455,64,6
1127,9.78,64,9
1128,20.518,64,11
1129,17.415,64,8
1130,13.485,64,10
1131,7.806,64,8
1132,18.663,64,9
1133,17.601,64,11
1134,7.549,64,7
1135,24.042,64,10
1136,17.283,64,9
1137,11.9,64,9
1138,9.594,64,10
1139,19.046,64,9
1140,23.788,64,8
1141,17.49,64,11
1142,9.745,64,9
1143,18.956,64,9
1144,13.8,64,11
1145,18.378,64,10
1146,13.189,64,8
1147,24.172,64,13
1148,48.398,64,7
1149,12.958,64,10
1150,18.615,64,9
1151,20.303,64,10
1152,13.012,64,9
1153,26.165,64,9
1154,11.843,64,10
1155,25.834,64,12
1156,12.903,64,13
1157,37.233,64,9
1158,18.973,64,9
1159,20.328,64,10
1160,13.637,64,7
1161,13.195,64,8
1162,20.671,64,8
1163,9.425,64,6
1164,26.048,64,9
1165,20.521,64,10
1166,25.99,64,11
1167,9.64,64,8
1168,27.133,64,8
1169,17.101,64,11
1170,20.203,64,9
1171,20.441,64,10
1172,20.465,64,8
1173,17.546,64,10
1174,18.653,64,8
1175,16.843,64,9
1176,13.04,64,9
1177,18.434,64,9
1178,9.317,64,7
1179,17.49,64,9
1180,23.774,64,7
1181,17.118,64,11
1182,13.864,64,10
1183,18.918,64,9
1184,13.693,64,8
1185,17.33,64,7
1186,23.975,64,9
1187,20.507,64,10
1188,7.936,64,8
1189,46.013,64,6
1190,12.106,64,7
1191,20.269,64,13
1192,17.394,64,7
1193,9.793,64,10
1194,17.612,64,7
1195,9.035,64,10
1196,13.567,64,9
1197,18.324,64,8
1198,17.167,64,8
1199,16.978,64,9
1200,20.39,64,8
1201,19.091,64,8
1202,9.251,64,4
1203,17.233,64,10
1204,29.042,64,9
1205,14.023,64,12
1206,9.719,64,7
1207,17.106,64,10
1208,20.454,64,11
1209,17.518,64,11
1210,17.313,64,9
1211,17.433,64,7
1212,9.71,64,8
1213,13.206,64,5
1214,20.207,64,8
1215,9.572,64,11
1216,14.101,64,10
1217,12.103,64,11
1218,14.055,64,9
1219,18.38,64,9
1220,24.145,64,10
1221,20.194,64,7
1222,24.017,64,10
1223,9.377,64,12
1224,23.932,64,10
1225,20.037,64,11
1226,13.61,64,7
1227,19.071,64,6
1228,14.24,64,10
1229,11.942,64,10
1230,18.403,64,9
1231,7.933,64,4
1232,17.254,64,11
1233,18.685,64,11
1234,17.576,64,7
1235,12.082,64,9
1236,12.205,64,8
1237,13.541,64,10
1238,18.431,64,8
1239,23.571,64,8
1240,20.32,64,10
1241,13.025,64,12
1242,11.961,64,7
1243,20.167,64,11
1244,23.751,64,8
1245,13.057,64,11
1246,13.124,64,10
1247,18.878,64,11
1248,9.251,64,10
1249,14.305,64,7
1250,27.598,64,10
1251,14.119,64,11
1252,14.006,64,8
1253,18.435,64,6
1254,9.709,64,9
1255,19.023,64,12
1256,13.614,64,11
1257,17.455,64,10
1258,16.972,64,10
1259,9.788,64,10
1260,13.206,64,9
1261,25.963,64,10
1262,18.537,64,7
1263,9.294,64,10
1264,25.502,64,11
1265,20.095,64,11
1266,29.635,64,9
1267,20.156,64,10
1268,16.853,64,6
1269,14.095,64,9
1270,16.876,64,11
1271,20.177,64,8
1272,9.066,64,7
1273,13.208,64,11
1274,20.579,64,10
1275,7.871,64,8
1276,29.259,64,10
1277,25.704,64,7
1278,12.145,64,8
1279,9.134,64,10
1280,16.856,64,9
1281,23.873,64,10
1282,13.964,64,9
1283,20.42,64,7
1284,9.708,64,8
1285,12.116,64,10
1286,18.654,64,13
1287,9.684,64,6
1288,29.292,64,13
1289,8.946,64,5
1290,24.076,64,8
1291,23.573,64,8
1292,23.901,64,9
1293,45.199,64,10
1294,23.679,64,8
1295,23.726,64,10
1296,13.656,64,10
1297,17.638,64,7
1298,9.195,64,5
1299,17.642,64,10
1300,13.083,64,10
1301,13.639,64,11
1302,13.558,64,11
1303,13.413,64,10
1304,17.516,64,9
1305,23.608,64,8
1306,17.393,64,10
1307,16.844,64,8
1308,20.03,64,12
1309,25.791,64,11
1310,38.308,64,10
1311,13.217,64,9
1312,23.453,64,8
1313,20.222,64,8
1314,20.522,64,8
1315,18.491,64,6
1316,18.795,64,10
1317,9.261,64,9
1318,9.647,64,11
1319,18.636,64,9
1320,14.136,64,9
1321,23.716,64,11
1322,23.463,64,10
1323,17.358,64,12
1324,18.542,64,12
1325,18.888,64,12
1326,23.946,64,9
1327,20.483,64,11
1328,20.204,64,6
1329,14.288,64,9
1330,27.282,64,13
1331,18.392,64,8
1332,9.279,64,3
1333,24.128,64,11
1334,27.156,64,8
1335,37.946,64,11
1336,9.811,64,13
1337,25.577,64,11
1338,25.815,64,8
1339,20.563,64,7
1340,40.291,64,9
1341,17.336,64,10
1342,17.019,64,10
1343,18.664,64,11
1344,8.02,64,6
1345,17.095,64,11
1346,17.304,64,9
1347,16.977,64,10
1348,13.187,64,13
1349,9.784,64,7
1350,7.509,64,10
1351,20.525,64,8
1352,18.592,64,10
1353,23.663,64,10
1354,12.067,64,9
1355,8.073,64,9
1356,13.778,64,10
1357,25.579,64,7
1358,9.198,64,4
1359,18.388,64,9
1360,29.502,64,11
1361,12.869,64,10
1362,14.152,64,10
1363,29.765,64,9
1364,12.132,64,10
1365,25.727,64,9
1366,16.862,64,11
1367,13.485,64,10
1368,12.192,64,7
1369,18.829,64,11
1370,14.107,64,8
1371,17.667,64,10
1372,27.584,64,9
1373,17.27,64,9
1374,17.183,64,8
1375,17.539,64,11
1376,9.761,64,10
1377,9.688,64,10
1378,13.233,64,10
1379,17.314,64,10
1380,11.92,64,7
1381,52.899,64,9
1382,7.952,64,5
1383,20.043,64,7
1384,13.753,64,12
1385,24.078,64,8
1386,17.556,64,7
1387,23.486,64,9
1388,18.618,64,10
1389,23.633,64,12
1390,17.069,64,7
1391,19.011,64,9
1392,27.561,64,8
1393,14.05,64,10
1394,17.324,64,13
1395,9.516,64,8
1396,14.032,64,10
1397,13.035,64,10
1398,13.525,64,11
1399,13.507,64,10
1400,23.754,64,13
1401,25.98,64,11
1402,9.715,64,10
1403,26.185,64,12
1404,18.822,64,10
1405,20.467,64,8
1406,18.603,64,10
1407,17.565,64,8
1408,18.699,64,8
1409,23.717,64,11
1410,18.69,64,10
1411,17.118,64,9
1412,13.015,64,10
1413,9.323,64,7
1414,14.158,64,10
1415,13.981,64,11
1416,33.551,64,10
1417,17.081,64,9
1418,17.438,64,10
1419,25.57,64,9
1420,9.419,64,10
1421,12.99,64,11
1422,23.73,64,11
1423,13.729,64,11
1424,20.244,64,9
1425,20.61,64,13
1426,14.219,64,7
1427,18.918,64,10
1428,20.537,64,7
1429,20.598,64,12
1430,7.937,64,7
1431,17.607,64,8
1432,23.642,64,9
1433,17.585,64,9
1434,18.517,64,9
1435,53.404,64,12
1436,14.279,64,9
1437,14.056,64,11
1438,18.792,64,7
1439,16.932,64,9
1440,12.178,64,9
1441,14.056,64,9
1442,23.751,64,9
1443,7.964,64,6
1444,14.083,64,10
1445,7.658,64,10
1446,19.054,64,11
1447,17.152,64,10
1448,23.763,64,10
1449,18.924,64,9
1450,16.823,64,12
1451,12.137,64,11
1452,20.131,64,8
1453,24.139,64,11
1454,16.887,64,10
1455,20.497,64,7
1456,44.815,64,7
1457,12.923,64,10
1458,20.131,64,8
1459,27.097,64,12
1460,13.02,64,7
1461,25.868,64,7
1462,17.073,64,10
1463,17.218,64,11
1464,20.265,64,12
1465,19.155,64,9
1466,13.709,64,9
1467,14.275,64,11
1468,20.601,64,6
1469,18.716,64,7
1470,23.579,64,8
1471,18.818,64,8
1472,18.78,64,11
1473,14.268,64,10
1474,17.4,64,11
1475,20.515,64,8
1476,44.875,64,9
1477,17.025,64,10
1478,13.807,64,9
1479,13.181,64,9
1480,23.827,64,9
1481,13.133,64,14
1482,9.095,64,7
1483,9.536,64,11
1484,13.933,64,9
1485,13.704,64,10
1486,11.932,64,11
1487,14.172,64,9
1488,16.78,64,10
1489,29.072,64,12
1490,17.488,64,8
1491,27.082,64,9
1492,12.181,64,11
1493,12.044,64,5
1494,13.206,64,10
1495,13.748,64,11
1496,25.966,64,9
1497,9.242,64,8
1498,23.842,64,7
1499,13.042,64,8
1500,18.826,64,9
1501,25.959,64,10
1502,18.701,64,13
1503,13.031,64,9
1504,13.603,64,12
1505,12.147,64,8
1506,11.913,64,11
1507,25.593,64,7
1508,27.264,64,10
1509,18.675,64,9
1510,17.256,64,11
1511,18.756,64,12
1512,20.006,64,10
1513,17.132,64,9
1514,13.183,64,12
1515,20.263,64,10
1516,17.625,64,9
1517,14.048,64,10
1518,13.02,64,12
1519,29.216,64,9
1520,33.527,64,9
1521,13.046,64,9
1522,27.476,64,7
1523,16.849,64,8
1524,18.681,64,9
1525,12.21,64,8
1526,23.868,64,10
1527,33.545,64,7
1528,25.515,64,6
1529,17.324,64,12
1530,11.843,64,10
1531,18.805,64,9
1532,16.828,64,10
1533,23.609,64,10
1534,17.482,64,9
1535,26.853,64,10
1536,17.401,64,8
1537,9.485,64,8
1538,29.157,64,10
1539,17.559,64,10
1540,18.668,64,9
1541,19.057,64,11
1542,18.475,64,11
1543,17.233,64,10
1544,12.131,64,6
1545,20.17,64,9
1546,25.566,64,10
1547,23.836,64,7
1548,17.41,64,11
1549,17.472,64,11
1550,12.08,64,9
1551,13.006,64,10
1552,13.16,64,10
1553,29.595,64,10
1554,14.239,64,10
1555,7.79,64,7
1556,16.925,64,10
1557,17.357,64,10
1558,23.893,64,8
1559,26.896,64,10
1560,17.466,64,7
1561,17.275,64,6
1562,7.423,64,6
1563,9.11,64,9
1564,18.473,64,9
1565,19.089,64,11
1566,18.674,64,8
1567,26.309,64,9
1568,14.124,64,6
1569,11.858,64,11
1570,39.627,64,12
1571,14.111,64,9
1572,18.854,64,8
1573,14.119,64,11
1574,12.936,64,10
1575,18.361,64,9
1576,26.159,64,9
1577,25.544,64,11
1578,13.661,64,10
1579,26.297,64,7
1580,25.708,64,7
1581,20.382,64,10
1582,27.085,64,10
1583,26.941,64,12
1584,20.207,64,5
1585,8.944,64,11
1586,18.71,64,9
1587,18.538,64,9
1588,13.619,64,11
1589,17.122,64,10
1590,26.96,64,9
1591,23.704,64,10
1592,17.082,64,9
1593,14.021,64,10
1594,17.178,64,9
1595,18.627,64,11
1596,13.953,64,11
1597,14.079,64,9
1598,14.231,64,10
1599,12.862,64,11
1600,13.47,64,11
1601,20.471,64,11
1602,13.771,64,10
1603,17.169,64,8
1604,17.241,64,8
1605,20.073,64,6
1606,13.882,64,11
1607,25.862,64,11
1608,33.994,64,7
1609,12.927,64,11
1610,7.815,64,8
1611,13.546,64,10
1612,13.036,64,9
1613,17.601,64,9
1614,34.917,64,9
1615,27.598,64,8
1616,16.988,64,7
1617,8.941,64,9
1618,20.313,64,10
1619,18.818,64,7
1620,18.763,64,7
1621,13.742,64,11
1622,13.049,64,8
1623,13.036,64,9
1624,9.787,64,10
1625,16.872,64,10
1626,40.923,64,8
1627,7.871,64,6
1628,29.66,64,7
1629,17.476,64,10
1630,17.105,64,10
1631,24.148,64,8
1632,17.177,64,8
1633,17.451,64,11
1634,17.583,64,10
1635,17.15,64,7
1636,13.631,64,9
1637,25.565,64,8
1638,9.348,64,7
1639,17.102,64,9
1640,13.641,64,11
1641,13.991,64,9
1642,17.035,64,11
1643,13.643,64,6
1644,12.21,64,8
1645,39.815,64,8
1646,14.017,64,8
1647,18.55,64,10
1648,26.804,64,9
1649,14.078,64,9
1650,12.103,64,10
1651,9.709,64,10
1652,14.233,64,11
1653,13.064,64,6
1654,17.153,64,10
1655,7.584,64,8
1656,19.0,64,9
1657,14.065,64,8
1658,20.588,64,8
1659,11.984,64,10
1660,26.203,64,9
1661,12.217,64,7
1662,17.423,64,11
1663,23.917,64,9
1664,17.176,64,11
1665,20.465,64,8
1666,17.047,64,9
1667,23.784,64,8
1668,17.186,64,8
1669,23.468,64,10
1670,17.199,64,8
1671,26.869,64,7
1672,17.055,64,8
1673,13.032,64,11
1674,18.928,64,8
1675,12.957,64,10
1676,13.04,64,12
1677,17.398,64,8
1678,19.035,64,11
1679,19.999,64,11
1680,13.944,64,9
1681,18.715,64,7
1682,23.752,64,11
1683,12.937,64,8
1684,13.16,64,9
1685,14.109,64,11
1686,9.651,64,11
1687,20.389,64,12
1688,26.212,64,7
1689,12.185,64,8
1690,25.776,64,10
1691,14.106,64,10
1692,12.103,64,11
1693,20.124,64,12
1694,13.63,64,5
1695,18.428,64,9
1696,9.376,64,8
1697,13.133,64,10
1698,20.47,64,12
1699,13.179,64,9
1700,19.068,64,9
1701,27.378,64,6
1702,17.221,64,9
1703,17.374,64,10
1704,11.878,64,11
1705,17.217,64,10
1706,11.89,64,6
1707,12.891,64,9
1708,20.238,64,12
1709,11.923,64,7
1710,14.053,64,11
1711,20.311,64,6
1712,12.215,64,7
1713,20.678,64,11
1714,12.164,64,11
1715,23.515,64,11
1716,18.604,64,9
1717,9.818,64,8
1718,23.702,64,10
1719,20.483,64,10
1720,40.185,64,9
1721,25.711,64,9
1722,14.262,64,11
1723,14.005,64,10
1724,20.046,64,11
1725,17.393,64,10
1726,18.385,64,9
1727,16.903,64,9
1728,18.714,64,7
1729,17.581,64,10
1730,24.109,64,8
1731,17.571,64,9
1732,29.197,64,9
1733,18.862,64,6
1734,17.244,64,11
1735,18.997,64,10
1736,17.661,64,10
1737,13.82,64,9
1738,26.09,64,9
1739,20.466,64,9
1740,20.394,64,11
1741,7.569,64,6
1742,13.763,64,11
1743,20.318,64,12
1744,12.096,64,5
1745,18.52,64,10
1746,27.079,64,12
1747,9.693,64,10
1748,12.926,64,7
1749,25.535,64,10
1750,13.895,64,11
1751,23.858,64,9
1752,9.558,64,10
1753,18.355,64,9
1754,12.202,64,8
1755,51.039,64,12
1756,13.931,64,9
1757,11.859,64,11
1758,20.006,64,7
1759,16.835,64,11
1760,20.511,64,9
1761,16.936,64,8
1762,13.825,64,10
1763,12.162,64,9
1764,12.227,64,12
1765,16.824,64,10
1766,20.192,64,11
1767,18.644,64,7
1768,29.001,64,7
1769,13.093,64,11
1770,13.548,64,10
1771,13.045,64,9
1772,9.112,64,8
1773,35.268,64,12
1774,20.495,64,10
1775,26.147,64,9
1776,24.16,64,10
1777,18.561,64,9
1778,9.668,64,10
1779,7.661,64,11
1780,20.119,64,9
1781,13.89,64,8
1782,18.562,64,11
1783,9.434,64,9
1784,13.764,64,7
1785,19.982,64,7
1786,27.267,64,9
1787,36.674,64,7
1788,24.032,64,9
1789,11.94,64,9
1790,24.119,64,10
1791,12.155,64,10
1792,20.553,64,11
1793,13.678,64,8
1794,29.517,64,10
1795,13.932,64,9
1796,13.181,64,8
1797,11.926,64,8
1798,33.537,64,10
1799,16.822,64,10
1800,16.922,64,11
1801,16.96,64,8
1802,12.083,64,6
1803,9.815,64,8
1804,20.235,64,8
1805,26.958,64,7
1806,18.795,64,8
1807,7.848,64,8
1808,20.135,64,7
1809,20.583,64,7
1810,18.691,64,11
1811,17.033,64,8
1812,27.424,64,13
1813,13.039,64,6
1814,9.201,64,10
1815,18.723,64,10
1816,13.695,64,10
1817,18.411,64,10
1818,13.647,64,9
1819,19.061,64,10
1820,17.427,64,11
1821,13.072,64,11
1822,20.195,64,8
1823,18.664,64,7
1824,23.503,64,12
1825,16.93,64,8
1826,12.158,64,7
1827,16.964,64,10
1828,9.324,64,6
1829,20.476,64,9
1830,17.595,64,10
1831,14.058,64,10
1832,27.377,64,10
1833,13.642,64,10
1834,12.909,64,10
1835,18.46,64,11
1836,17.086,64,11
1837,17.431,64,9
1838,13.989,64,9
1839,17.324,64,10
1840,9.81,64,11
1841,18.971,64,9
1842,7.737,64,6
1843,18.444,64,7
1844,29.408,64,8
1845,17.502,64,10
1846,13.559,64,10
1847,13.959,64,10
1848,19.114,64,9
1849,18.877,64,10
1850,33.418,64,6
1851,16.946,64,10
1852,9.318,64,9
1853,17.022,64,10
1854,17.478,64,6
1855,12.906,64,11
1856,17.022,64,10
1857,16.862,64,10
1858,18.892,64,10
1859,20.45,64,12
1860,12.213,64,12
1861,18.628,64,8
1862,25.613,64,9
1863,13.763,64,10
1864,20.454,64,10
1865,18.977,64,10
1866,9.667,64,7
1867,18.746,64,12
1868,18.54,64,8
1869,17.598,64,9
1870,17.566,64,12
1871,20.067,64,10
1872,16.9,64,8
1873,13.676,64,10
1874,13.07,64,6
1875,18.444,64,11
1876,18.668,64,9
1877,13.034,64,11
1878,23.501,64,8
1879,12.987,64,8
1880,25.544,64,10
1881,13.935,64,8
1882,13.055,64,8
1883,20.522,64,9
1884,13.815,64,8
1885,40.579,64,8
1886,37.028,64,12
1887,9.524,64,10
1888,23.495,64,8
1889,45.149,64,11
1890,20.368,64,10
1891,27.58,64,9
1892,18.946,64,8
1893,18.918,64,9
1894,16.94,64,9
1895,13.584,64,11
1896,18.384,64,7
1897,13.168,64,9
1898,17.545,64,11
1899,13.18,64,8
1900,20.13,64,8
1901,18.994,64,9
1902,13.146,64,9
1903,25.739,64,6
1904,13.892,64,11
1905,20.137,64,10
1906,14.034,64,9
1907,9.417,64,6
1908,9.083,64,11
1909,9.424,64,7
1910,29.062,64,7
1911,13.687,64,11
1912,18.364,64,11
1913,18.55,64,9
1914,9.349,64,7
1915,17.077,64,10
1916,16.869,64,10
1917,17.13,64,8
1918,16.947,64,10
1919,19.01,64,13
1920,9.463,64,9
1921,13.833,64,11
1922,17.002,64,11
1923,20.467,64,11
1924,26.242,64,8
1925,8.94,64,11
1926,13.396,64,11
1927,18.441,64,8
1928,13.006,64,11
1929,13.063,64,11
1930,14.218,64,10
1931,13.612,64,10
1932,16.965,64,11
1933,18.421,64,8
1934,13.723,64,12
1935,24.151,64,12
1936,8.007,64,3
1937,13.927,64,11
1938,13.047,64,8
1939,17.546,64,11
1940,20.228,64,9
1941,23.447,64,13
1942,9.226,64,8
1943,13.5,64,11
1944,9.195,64,8
1945,27.398,64,8
1946,17.628,64,12
1947,8.025,64,10
1948,17.313,64,10
1949,16.995,64,12
1950,14.13,64,12
1951,32.829,64,11
1952,13.948,64,11
1953,27.097,64,9
1954,14.151,64,9
1955,13.498,64,12
1956,23.879,64,10
1957,23.663,64,11
1958,14.162,64,10
1959,26.886,64,8
1960,12.144,64,10
1961,13.079,64,9
1962,19.036,64,11
1963,17.314,64,10
1964,20.277,64,9
1965,26.859,64,9
1966,20.104,64,10
1967,36.735,64,11
1968,9.131,64,10
1969,13.555,64,9
1970,12.956,64,10
1971,20.51,64,10
1972,16.945,64,9
1973,18.539,64,14
1974,18.924,64,7
1975,7.929,64,5
1976,9.48,64,8
1977,13.823,64,11
1978,18.36,64,10
1979,13.971,64,11
1980,14.174,64,8
1981,29.551,64,10
1982,17.361,64,9
1983,19.025,64,10
1984,20.183,64,13
1985,25.798,64,9
1986,23.586,64,10
1987,16.884,64,9
1988,17.635,64,11
1989,20.272,64,10
1990,17.522,64,9
1991,29.422,64,10
1992,20.475,64,12
1993,13.862,64,9
1994,9.171,64,9
1995,18.302,64,9
1996,14.176,64,7
1997,13.826,64,7
1998,65.137,64,9
1999,9.493,64,8
2000,23.931,64,6
2001,17.1,64,11
2002,18.633,64,8
2003,17.631,64,9
2004,17.105,64,12
2005,13.644,64,9
2006,13.479,64,9
2007,17.011,64,11
2008,13.619,64,9
2009,17.057,64,10
2010,20.147,64,9
2011,18.652,64,14
2012,9.247,64,6
2013,8.967,64,9
2014,20.291,64,8
2015,9.437,64,8
2016,20.133,64,8
2017,24.005,64,9
2018,27.622,64,9
2019,13.642,64,12
2020,37.689,64,9
2021,12.956,64,9
2022,14.08,64,12
2023,35.419,64,10
2024,18.461,64,9
2025,13.621,64,8
2026,29.223,64,9
2027,16.963,64,10
2028,14.129,64,9
2029,23.783,64,8
2030,33.31,64,8
2031,32.956,64,10
2032,20.307,64,9
2033,26.135,64,7
2034,13.175,64,11
2035,13.98,64,9
2036,23.839,64,8
2037,26.041,64,7
2038,36.69,64,8
2039,13.704,64,9
2040,9.084,64,10
2041,24.191,64,10
2042,9.4,64,10
2043,27.367,64,7
2044,13.564,64,9
2045,12.99,64,10
2046,11.874,64,9
2047,13.608,64,9
2048,20.211,64,12
2049,37.575,64,9
2050,12.033,64,7
2051,18.743,64,11
2052,19.016,64,7
2053,20.57,64,5
2054,14.061,64,9
2055,18.814,64,7
2056,20.594,64,9
2057,26.075,64,9
2058,17.222,64,9
2059,13.548,64,7
2060,16.831,64,11
2061,20.151,64,7
2062,20.037,64,8
2063,14.066,64,10
2064,18.544,64,7
2065,26.229,64,8
2066,20.042,64,11
2067,17.012,64,11
2068,24.104,64,8
2069,17.182,64,10
2070,13.118,64,10
2071,13.464,64,9
2072,20.222,64,10
2073,18.433,64,9
2074,20.284,64,10
2075,20.24,64,10
2076,13.718,64,11
2077,13.121,64,8
2078,17.016,64,10
2079,12.964,64,10
2080,20.2,64,9
2081,18.578,64,8
2082,26.83,64,9
2083,24.092,64,7
2084,12.156,64,8
2085,13.619,64,11
2086,18.8,64,11
2087,18.607,64,10
2088,17.381,64,6
2089,18.903,64,11
2090,19.023,64,9
2091,13.125,64,9
2092,18.554,64,9
2093,26.003,64,8
2094,9.548,64,9
2095,17.15,64,11
2096,20.289,64,9
2097,17.66,64,8
2098,9.53,64,10
2099,50.759,64,8
2100,23.745,64,11
2101,27.338,64,8
2102,23.998,64,8
2103,23.839,64,9
2104,14.091,64,11
2105,14.16,64,10
2106,17.562,64,11
2107,9.739,64,7
2108,18.991,64,9
2109,18.551,64,12
2110,24.124,64,10
2111,19.027,64,12
2112,18.487,64,10
2113,27.629,64,11
2114,9.664,64,8
2115,18.635,64,10
2116,13.155,64,8
2117,16.922,64,11
2118,20.26,64,7
2119,17.576,64,7
2120,25.883,64,8
2121,11.852,64,8
2122,9.454,64,7
2123,23.582,64,11
2124,27.513,64,8
2125,25.675,64,8
2126,9.361,64,10
2127,27.263,64,12
2128,14.078,64,10
2129,36.621,64,10
2130,13.543,64,10
2131,14.059,64,10
2132,24.04,64,8
2133,20.31,64,9
2134,19.087,64,8
2135,18.891,64,9
2136,13.575,64,9
2137,29.584,64,9
2138,33.26,64,10
2139,18.489,64,6
2140,27.414,64,11
2141,23.58,64,8
2142,14.155,64,11
2143,24.057,64,9
2144,12.0,64,9
2145,13.094,64,10
2146,14.316,64,10
2147,14.061,64,10
2148,14.129,64,8
2149,17.298,64,10
2150,9.252,64,7
2151,17.184,64,11
2152,14.213,64,10
2153,20.297,64,11
2154,17.59,64,9
2155,17.303,64,10
2156,17.605,64,7
2157,13.089,64,9
2158,27.251,64,12
2159,14.103,64,9
2160,27.254,64,6
2161,9.117,64,12
2162,27.493,64,10
2163,20.244,64,12
2164,19.079,64,12
2165,23.661,64,10
2166,9.308,64,11
2167,27.281,64,10
2168,26.019,64,9
2169,20.165,64,10
2170,14.071,64,11
2171,18.807,64,10
2172,29.736,64,8
2173,13.095,64,9
2174,9.658,64,11
2175,24.018,64,10
2176,20.191,64,8
2177,9.431,64,11
2178,13.487,64,10
2179,12.982,64,10
2180,24.095,64,9
2181,24.038,64,8
2182,25.798,64,7
2183,9.338,64,9
2184,24.034,64,9
2185,27.054,64,9
2186,23.869,64,10
2187,17.629,64,10
2188,23.754,64,7
2189,18.614,64,10
2190,13.002,64,10
2191,18.997,64,9
2192,9.819,64,10
2193,16.89,64,10
2194,23.482,64,10
2195,18.541,64,8
2196,18.978,64,7
2197,32.843,64,9
2198,17.53,64,8
2199,18.906,64,10
2200,17.34,64,9
2201,16.873,64,9
2202,12.911,64,8
2203,20.451,64,11
2204,14.079,64,8
2205,25.585,64,7
2206,17.366,64,8
2207,17.447,64,11
2208,17.552,64,9
2209,17.535,64,11
2210,18.739,64,9
2211,7.98,64,9
2212,26.125,64,12
2213,14.246,64,9
2214,18.75,64,10
2215,7.816,64,5
2216,24.029,64,12
2217,19.943,64,11
2218,17.015,64,10
2219,38.213,64,11
2220,13.856,64,9
2221,23.655,64,12
2222,17.315,64,12
2223,19.038,64,12
2224,27.103,64,9
2225,17.023,64,9
2226,27.433,64,9
2227,11.94,64,10
2228,13.036,64,6
2229,29.541,64,9
2230,20.601,64,8
2231,13.957,64,10
2232,16.898,64,11
2233,18.775,64,9
2234,13.772,64,10
2235,13.838,64,10
2236,13.65,64,9
2237,17.203,64,11
2238,13.893,64,10
2239,24.029,64,8
2240,23.534,64,10
2241,17.64,64,10
2242,13.561,64,8
2243,13.019,64,10
2244,11.82,64,11
2245,13.114,64,10
2246,27.396,64,12
2247,17.651,64,7
2248,23.837,64,9
2249,13.073,64,10
2250,16.935,64,9
2251,17.389,64,8
2252,17.653,64,7
2253,11.878,64,10
2254,18.704,64,10
2255,23.731,64,11
2256,23.588,64,7
2257,23.88,64,12
2258,18.873,64,9
2259,24.162,64,11
2260,18.779,64,11
2261,13.002,64,7
2262,20.072,64,8
2263,25.843,64,9
2264,18.348,64,11
2265,13.451,64,10
2266,7.891,64,5
2267,23.534,64,8
2268,26.965,64,10
2269,20.266,64,12
2270,12.15,64,8
2271,11.888,64,10
2272,19.099,64,9
2273,23.726,64,8
2274,17.067,64,10
2275,13.042,64,8
2276,17.576,64,6
2277,9.262,64,3
2278,17.41,64,12
2279,7.541,64,5
2280,20.371,64,11
2281,18.866,64,11
2282,20.282,64,9
2283,11.864,64,11
2284,38.096,64,11
2285,25.767,64,10
2286,16.882,64,9
2287,18.945,64,11
2288,16.979,64,8
2289,13.693,64,9
2290,25.573,64,7
2291,11.946,64,9
2292,18.948,64,8
2293,26.068,64,8
2294,18.505,64,10
2295,17.486,64,11
2296,40.597,64,11
2297,13.158,64,12
2298,14.082,64,10
2299,16.848,64,10
2300,14.061,64,10
2301,13.989,64,9
2302,8.975,64,5
2303,37.74,64,12
2304,18.669,64,9
2305,13.606,64,7
2306,19.065,64,9
2307,9.106,64,8
2308,40.582,64,13
2309,17.33,64,7
2310,40.395,64,9
2311,16.954,64,11
2312,17.557,64,10
2313,18.655,64,9
2314,7.951,64,6
2315,8.976,64,6
2316,26.185,64,6
2317,20.476,64,10
2318,20.368,64,11
2319,13.139,64,9
2320,25.729,64,9
2321,17.594,64,7
2322,20.019,64,9
2323,13.523,64,10
2324,9.714,64,9
2325,25.866,64,7
2326,17.591,64,10
2327,36.854,64,11
2328,9.813,64,9
2329,11.941,64,8
2330,18.526,64,11
2331,13.802,64,9
2332,13.485,64,10
2333,7.891,64,2
2334,20.373,64,10
2335,16.881,64,8
2336,23.76,64,12
2337,20.539,64,11
2338,9.125,64,6
2339,12.125,64,9
2340,23.994,64,8
2341,9.306,64,10
2342,29.656,64,7
2343,14.228,64,8
2344,14.154,64,8
2345,37.131,64,11
2346,25.609,64,8
2347,18.81,64,12
2348,23.787,64,10
2349,13.99,64,10
2350,20.442,64,7
2351,44.99,64,9
2352,13.08,64,9
2353,18.907,64,8
2354,20.125,64,9
2355,17.386,64,7
2356,18.395,64,8
2357,18.723,64,10
2358,11.785,64,9
2359,9.583,64,9
2360,11.951,64,10
2361,33.281,64,10
2362,14.122,64,11
2363,26.211,64,8
2364,25.804,64,9
2365,25.797,64,8
2366,17.228,64,13
2367,23.443,64,8
2368,13.821,64,8
2369,23.936,64,12
2370,16.964,64,6
2371,13.47,64,12
2372,18.625,64,7
2373,18.981,64,9
2374,26.224,64,9
2375,14.068,64,10
2376,11.935,64,9
2377,13.813,64,11
2378,20.297,64,9
2379,13.513,64,9
2380,13.749,64,9
2381,9.419,64,8
2382,14.165,64,9
2383,18.368,64,10
2384,17.281,64,7
2385,9.056,64,8
2386,12.071,64,8
2387,20.064,64,8
2388,13.629,64,9
2389,18.869,64,9
2390,34.238,64,9
2391,18.71,64,8
2392,13.214,64,11
2393,14.055,64,10
2394,12.117,64,9
2395,20.487,64,10
2396,12.883,64,11
2397,13.2,64,9
2398,27.062,64,9
2399,20.446,64,10
2400,23.627,64,10
2401,23.554,64,7
2402,12.945,64,10
2403,17.097,64,10
2404,17.288,64,11
2405,13.036,64,11
2406,27.533,64,7
2407,12.954,64,10
2408,18.825,64,9
2409,35.396,64,8
2410,20.315,64,9
2411,14.261,64,10
2412,13.921,64,8
2413,16.959,64,9
2414,27.425,64,10
2415,13.058,64,8
2416,18.722,64,10
2417,26.153,64,10
2418,18.691,64,8
2419,12.137,64,10
2420,23.757,64,12
2421,9.173,64,10
2422,27.517,64,10
2423,13.47,64,9
2424,37.483,64,9
2425,24.107,64,7
2426,9.762,64,11
2427,14.095,64,5
2428,20.464,64,8
2429,18.555,64,12
2430,17.153,64,10
2431,18.715,64,10
2432,8.94,64,8
2433,12.146,64,11
2434,20.024,64,10
2435,29.576,64,11
2436,17.504,64,9
2437,17.602,64,11
2438,13.745,64,10
2439,17.48,64,12
2440,27.408,64,7
2441,17.24,64,10
2442,18.63,64,10
2443,14.188,64,9
2444,20.229,64,9
2445,12.093,64,10
2446,11.923,64,10
2447,14.199,64,9
2448,23.652,64,10
2449,18.548,64,8
2450,12.861,64,11
2451,20.41,64,11
2452,20.12,64,11
2453,17.337,64,12
2454,19.002,64,10
2455,13.547,64,9
2456,17.079,64,8
2457,14.243,64,10
2458,12.099,64,9
2459,17.124,64,11
2460,11.884,64,9
2461,14.016,64,8
2462,40.835,64,9
2463,20.164,64,11
2464,18.857,64,10
2465,18.607,64,7
2466,25.574,64,7
2467,17.189,64,7
2468,16.964,64,8
2469,20.45,64,6
2470,13.079,64,7
2471,17.672,64,9
2472,9.439,64,11
2473,26.019,64,6
2474,20.216,64,8
2475,24.022,64,10
2476,13.657,64,9
2477,13.749,64,8
2478,18.902,64,6
2479,26.02,64,9
2480,7.866,64,10
2481,17.256,64,9
2482,18.709,64,9
2483,13.052,64,8
2484,23.652,64,8
2485,19.037,64,10
2486,17.117,64,9
2487,14.258,64,9
2488,18.778,64,9
2489,13.952,64,11
2490,23.583,64,8
2491,37.092,64,12
2492,12.178,64,8
2493,14.057,64,8
2494,23.547,64,11
2495,13.2,64,8
2496,17.619,64,10
2497,20.496,64,10
2498,18.671,64,9
2499,23.687,64,13
2500,24.121,64,11
2501,24.145,64,10
2502,17.387,64,10
2503,11.904,64,7
2504,9.733,64,7
2505,26.159,64,10
2506,17.347,64,7
2507,17.567,64,10
2508,36.826,64,7
2509,20.536,64,11
2510,18.834,64,9
2511,18.517,64,9
2512,16.883,64,9
2513,13.944,64,11
2514,17.36,64,9
2515,9.624,64,8
2516,12.095,64,12
2517,26.959,64,8
2518,29.768,64,12
2519,29.385,64,12
2520,13.425,64,9
2521,19.033,64,9
2522,23.493,64,11
2523,23.497,64,10
2524,20.57,64,11
2525,8.038,64,8
2526,12.144,64,11
2527,17.352,64,11
2528,26.054,64,13
2529,20.317,64,10
2530,25.567,64,12
2531,14.162,64,12
2532,23.694,64,8
2533,16.915,64,9
2534,18.439,64,10
2535,13.036,64,10
2536,18.414,64,10
2537,9.019,64,10
2538,16.953,64,13
2539,7.921,64,8
2540,9.763,64,10
2541,20.176,64,11
2542,18.466,64,10
2543,13.756,64,11
2544,13.448,64,9
2545,27.667,64,8
2546,23.82,64,8
2547,39.353,64,12
2548,38.062,64,7
2549,12.068,64,10
2550,13.915,64,12
2551,17.214,64,11
2552,8.073,64,10
2553,23.795,64,10
2554,23.638,64,6
2555,27.093,64,6
2556,9.445,64,8
2557,17.138,64,9
2558,37.409,64,11
2559,29.432,64,10
2560,14.05,64,9
2561,20.211,64,7
2562,17.53,64,8
2563,16.921,64,6
2564,17.063,64,10
2565,26.139,64,11
2566,9.177,64,8
2567,24.218,64,13
2568,8.981,64,8
2569,18.608,64,8
2570,9.522,64,8
2571,13.886,64,9
2572,18.725,64,9
2573,13.5,64,8
2574,29.008,64,10
2575,9.673,64,9
2576,23.55,64,11
2577,14.008,64,6
2578,20.451,64,12
2579,18.452,64,10
2580,23.628,64,13
2581,16.818,64,10
2582,17.494,64,7
2583,13.133,64,10
2584,13.537,64,10
2585,27.205,64,10
2586,17.572,64,10
2587,23.826,64,7
2588,18.388,64,11
2589,33.283,64,8
2590,16.801,64,12
2591,35.267,64,8
2592,25.567,64,7
2593,24.063,64,11
2594,23.859,64,10
2595,13.035,64,6
2596,25.907,64,11
2597,29.278,64,11
2598,23.962,64,8
2599,11.808,64,9
2600,23.835,64,10
2601,20.05,64,8
2602,17.014,64,10
2603,19.0,64,10
2604,58.137,64,9
2605,14.151,64,10
2606,13.009,64,11
2607,17.454,64,10
2608,20.203,64,9
2609,17.474,64,8
2610,23.705,64,9
2611,37.113,64,7
2612,18.857,64,9
2613,20.084,64,11
2614,16.934,64,11
2615,9.502,64,10
2616,25.803,64,9
2617,25.509,64,8
2618,13.539,64,10
2619,20.429,64,7
2620,13.917,64,10
2621,17.217,64,10
2622,25.718,64,8
2623,35.334,64,9
2624,17.431,64,10
2625,12.937,64,9
2626,19.061,64,10
2627,13.111,64,9
2628,11.964,64,9
2629,18.658,64,8
2630,29.743,64,8
2631,24.165,64,11
2632,26.898,64,10
2633,17.002,64,9
2634,9.564,64,10
2635,18.499,64,9
2636,20.66,64,7
2637,37.573,64,8
2638,20.511,64,9
2639,12.19,64,10
2640,8.064,64,3
2641,27.265,64,10
2642,26.944,64,8
2643,23.934,64,9
2644,14.051,64,9
2645,19.04,64,9
2646,7.708,64,6
2647,16.979,64,8
2648,14.169,64,10
2649,18.42,64,9
2650,18.988,64,9
2651,13.866,64,13
2652,26.168,64,10
2653,19.073,64,7
2654,18.388,64,10
2655,12.862,64,10
2656,24.132,64,9
2657,9.085,64,10
2658,14.072,64,10
2659,14.06,64,10
2660,9.196,64,9
2661,14.266,64,8
2662,12.888,64,12
2663,25.576,64,10
2664,13.074,64,11
2665,14.233,64,9
2666,14.115,64,11
2667,13.532,64,9
2668,18.369,64,9
2669,23.663,64,9
2670,9.818,64,11
2671,13.027,64,11
2672,17.095,64,7
2673,19.014,64,9
2674,23.803,64,9
2675,13.987,64,9
2676,9.623,64,9
2677,7.921,64,5
2678,13.046,64,7
2679,12.935,64,9
2680,14.038,64,12
2681,33.293,64,7
2682,17.565,64,11
2683,20.014,64,13
2684,18.374,64,9
2685,23.854,64,11
2686,12.098,64,8
2687,13.108,64,8
2688,12.141,64,7
2689,17.104,64,11
2690,40.839,64,9
2691,18.43,64,12
2692,17.549,64,9
2693,13.946,64,9
2694,18.405,64,6
2695,9.734,64,9
2696,16.844,64,9
2697,33.667,64,6
2698,9.343,64,6
2699,12.857,64,9
2700,20.372,64,9
2701,26.957,64,9
2702,18.668,64,9
2703,20.464,64,10
2704,18.882,64,9
2705,14.058,64,11
2706,23.885,64,11
2707,20.427,64,10
2708,18.644,64,10
2709,50.673,64,7
2710,20.146,64,9
2711,13.93,64,10
2712,13.977,64,11
2713,13.764,64,10
2714,13.042,64,9
2715,9.319,64,9
2716,18.836,64,12
2717,13.802,64,11
2718,20.467,64,12
2719,14.161,64,11
2720,13.0,64,9
2721,23.657,64,11
2722,35.214,64,10
2723,13.732,64,10
2724,20.309,64,10
2725,13.959,64,8
2726,17.382,64,7
2727,13.462,64,8
2728,27.523,64,8
2729,11.919,64,11
2730,12.988,64,10
2731,18.809,64,7
2732,14.04,64,7
2733,13.081,64,8
2734,27.182,64,9
2735,19.978,64,13
2736,19.089,64,14
2737,13.621,64,8
2738,18.549,64,12
2739,13.77,64,11
2740,18.761,64,10
2741,17.478,64,11
2742,23.552,64,11
2743,16.998,64,8
2744,23.751,64,11
2745,25.58,64,10
2746,13.071,64,8
2747,27.375,64,12
2748,24.055,64,7
2749,13.626,64,11
2750,13.852,64,9
2751,14.183,64,14
2752,13.605,64,11
2753,14.037,64,11
2754,7.653,64,10
2755,20.365,64,7
2756,20.338,64,12
2757,14.234,64,10
2758,12.162,64,10
2759,13.042,64,11
2760,12.905,64,11
2761,35.359,64,9
2762,12.14,64,12
2763,13.848,64,9
2764,13.212,64,9
2765,18.888,64,10
2766,17.458,64,8
2767,25.948,64,11
2768,14.171,64,11
2769,16.847,64,11
2770,16.804,64,10
2771,13.02,64,12
2772,7.53,64,4
2773,14.078,64,9
2774,25.548,64,11
2775,25.483,64,9
2776,18.962,64,8
2777,13.181,64,11
2778,12.996,64,7
2779,9.773,64,9
2780,9.648,64,7
2781,18.899,64,11
2782,13.786,64,11
2783,25.66,64,7
2784,27.594,64,10
2785,12.144,64,9
2786,13.443,64,9
2787,19.131,64,10
2788,24.097,64,9
2789,14.05,64,8
2790,7.59,64,8
2791,17.055,64,10
2792,35.011,64,6
2793,13.026,64,8
2794,19.959,64,9
2795,13.992,64,9
2796,24.113,64,10
2797,18.629,64,11
2798,18.671,64,10
2799,9.742,64,11
2800,20.697,64,9
2801,13.125,64,11
2802,27.417,64,9
2803,17.583,64,10
2804,13.545,64,10
2805,14.144,64,9
2806,18.492,64,9
2807,17.367,64,9
2808,27.33,64,7
2809,18.53,64,11
2810,20.181,64,10
2811,11.819,64,8
2812,17.018,64,9
2813,9.084,64,4
2814,8.044,64,6
2815,17.262,64,10
2816,13.474,64,9
2817,16.852,64,10
2818,17.565,64,13
2819,18.604,64,6
2820,9.397,64,7
2821,14.143,64,10
2822,13.565,64,3
2823,35.278,64,8
2824,7.91,64,7
2825,13.931,64,9
2826,13.147,64,7
2827,13.754,64,11
2828,13.92,64,10
2829,35.241,64,9
2830,14.092,64,11
2831,26.066,64,11
2832,17.551,64,12
2833,13.715,64,10
2834,12.006,64,10
2835,26.886,64,9
2836,13.959,64,11
2837,9.558,64,10
2838,18.737,64,9
2839,11.852,64,9
2840,20.505,64,8
2841,13.83,64,9
2842,9.67,64,11
2843,17.159,64,9
2844,23.511,64,9
2845,18.457,64,9
2846,9.408,64,11
2847,17.311,64,12
2848,13.867,64,9
2849,17.152,64,9
2850,29.552,64,7
2851,9.788,64,7
2852,13.809,64,9
2853,12.866,64,8
2854,14.223,64,9
2855,17.157,64,9
2856,13.972,64,10
2857,13.978,64,11
2858,17.132,64,12
2859,25.548,64,11
2860,25.7,64,9
2861,14.095,64,11
2862,25.865,64,10
2863,18.637,64,11
2864,35.301,64,9
2865,11.945,64,5
2866,13.074,64,10
2867,9.561,64,11
2868,25.722,64,10
2869,20.594,64,9
2870,53.036,64,6
2871,18.748,64,8
2872,18.44,64,9
2873,9.184,64,11
2874,25.586,64,7
2875,20.008,64,11
2876,38.168,64,11
2877,18.91,64,11
2878,18.756,64,10
2879,17.605,64,9
2880,27.434,64,9
2881,13.471,64,10
2882,16.977,64,10
2883,13.053,64,4
2884,17.562,64,9
2885,17.349,64,7
2886,18.571,64,10
2887,17.496,64,9
2888,11.992,64,10
2889,17.329,64,9
2890,13.0,64,10
2891,23.809,64,9
2892,9.492,64,8
2893,28.992,64,9
2894,13.837,64,9
2895,13.945,64,8
2896,13.186,64,7
2897,13.017,64,11
2898,18.52,64,9
2899,7.978,64,11
2900,36.803,64,9
2901,19.008,64,11
2902,25.848,64,10
2903,13.859,64,11
2904,35.143,64,10
2905,18.735,64,8
2906,17.014,64,13
2907,24.066,64,9
2908,13.547,64,9
2909,18.59,64,6
2910,12.054,64,11
2911,24.158,64,11
2912,18.512,64,12
2913,36.899,64,12
2914,14.056,64,11
2915,17.452,64,11
2916,18.747,64,9
2917,18.83,64,9
2918,9.063,64,10
2919,16.861,64,12
2920,13.039,64,10
2921,17.459,64,9
2922,13.55,64,5
2923,13.519,64,9
2924,18.625,64,11
2925,12.231,64,14
2926,17.081,64,8
2927,9.446,64,9
2928,14.054,64,10
2929,20.522,64,7
2930,18.519,64,8
2931,37.763,64,7
2932,14.159,64,11
2933,17.514,64,10
2934,18.982,64,8
2935,19.011,64,8
2936,13.613,64,13
2937,17.428,64,10
2938,13.8,64,9
2939,20.476,64,12
2940,12.157,64,9
2941,26.956,64,8
2942,25.845,64,9
2943,13.471,64,9
2944,25.837,64,7
2945,36.623,64,10
2946,17.299,64,11
2947,14.076,64,13
2948,18.644,64,8
2949,17.456,64,12
2950,13.711,64,10
2951,20.464,64,9
2952,27.523,64,9
2953,11.966,64,10
2954,14.161,64,11
2955,16.963,64,8
2956,24.027,64,9
2957,17.168,64,11
2958,20.302,64,7
2959,13.201,64,10
2960,16.857,64,10
2961,9.772,64,9
2962,18.729,64,12
2963,12.153,64,6
2964,20.072,64,11
2965,18.82,64,10
2966,25.59,64,11
2967,13.168,64,10
2968,17.267,64,9
2969,23.943,64,9
2970,9.273,64,7
2971,27.326,64,11
2972,9.809,64,11
2973,17.496,64,10
2974,25.586,64,11
2975,11.964,64,9
2976,16.895,64,10
2977,20.114,64,10
2978,11.85,64,11
2979,18.855,64,12
2980,14.117,64,11
2981,26.005,64,8
2982,14.18,64,10
2983,36.697,64,12
2984,26.144,64,9
2985,17.208,64,12
2986,13.716,64,10
2987,9.767,64,6
2988,13.961,64,10
2989,17.352,64,10
2990,17.001,64,8
2991,27.243,64,12
2992,34.01,64,10
2993,13.649,64,8
2994,12.044,64,6
2995,13.002,64,10
2996,23.597,64,8
2997,17.169,64,9
2998,13.924,64,9
2999,35.284,64,11
3000,11.996,64,8
3001,18.877,64,9
3002,20.288,64,10
3003,25.568,64,10
3004,23.484,64,11
3005,32.906,64,8
3006,18.768,64,11
3007,20.619,64,9
3008,14.001,64,11
3009,12.14,64,10
3010,34.967,64,9
3011,17.324,64,6
3012,17.157,64,11
3013,23.657,64,12
3014,17.589,64,10
3015,23.887,64,9
3016,25.581,64,11
3017,35.019,64,8
3018,18.98,64,8
3019,23.493,64,8
3020,18.57,64,7
3021,14.16,64,9
3022,20.483,64,11
3023,36.997,64,9
3024,19.157,64,12
3025,12.217,64,9
3026,18.976,64,10
3027,14.187,64,10
3028,12.035,64,6
3029,18.683,64,10
3030,12.171,64,10
3031,9.278,64,10
3032,20.194,64,9
3033,12.912,64,4
3034,9.821,64,8
3035,9.043,64,10
3036,18.541,64,9
3037,13.956,64,11
3038,20.188,64,10
3039,17.121,64,10
3040,17.513,64,10
3041,9.398,64,10
3042,13.069,64,4
3043,17.146,64,12
3044,20.447,64,9
3045,26.982,64,8
3046,23.639,64,7
3047,8.042,64,9
3048,17.565,64,7
3049,9.351,64,9
3050,13.967,64,7
3051,23.816,64,10
3052,17.495,64,10
3053,13.928,64,9
3054,20.025,64,13
3055,18.501,64,9
3056,14.139,64,7
3057,20.34,64,10
3058,12.106,64,9
3059,13.877,64,10
3060,9.341,64,10
3061,13.861,64,10
3062,13.976,64,7
3063,19.969,64,10
3064,13.96,64,11
3065,17.565,64,7
3066,18.949,64,12
3067,18.959,64,10
3068,18.795,64,10
3069,11.803,64,11
3070,20.215,64,9
3071,9.172,64,11
3072,13.822,64,10
3073,18.962,64,6
3074,14.238,64,10
3075,18.352,64,7
3076,36.708,64,9
3077,14.225,64,8
3078,13.821,64,10
3079,17.57,64,11
3080,11.811,64,7
3081,12.109,64,11
3082,38.554,64,10
3083,11.839,64,9
3084,19.942,64,11
3085,12.189,64,11
3086,12.948,64,10
3087,17.426,64,8
3088,12.124,64,12
3089,13.004,64,10
3090,17.391,64,7
3091,23.586,64,10
3092,12.172,64,8
3093,13.09,64,10
3094,14.262,64,11
3095,12.933,64,11
3096,9.591,64,6
3097,13.874,64,11
3098,20.287,64,12
3099,20.306,64,7
3100,37.066,64,9
3101,20.458,64,10
3102,17.4,64,7
3103,19.019,64,8
3104,33.366,64,10
3105,17.514,64,11
3106,11.921,64,8
3107,40.561,64,6
3108,36.551,64,11
3109,40.089,64,9
3110,9.809,64,9
3111,18.973,64,7
3112,17.425,64,9
3113,13.908,64,9
3114,20.443,64,11
3115,14.052,64,12
3116,20.004,64,9
3117,20.472,64,12
3118,17.63,64,8
3119,13.627,64,10
3120,26.96,64,8
3121,26.111,64,8
3122,13.822,64,8
3123,36.933,64,12
3124,8.014,64,11
3125,13.075,64,9
3126,12.149,64,10
3127,26.075,64,10
3128,7.581,64,10
3129,18.645,64,8
3130,24.093,64,9
3131,13.209,64,4
3132,13.746,64,12
3133,18.65,64,9
3134,17.562,64,10
3135,9.382,64,11
3136,9.219,64,6
3137,12.99,64,9
3138,13.715,64,12
3139,13.454,64,11
3140,23.562,64,7
3141,12.876,64,11
3142,50.136,64,8
3143,17.317,64,8
3144,20.333,64,8
3145,13.952,64,8
3146,20.546,64,9
3147,27.255,64,8
3148,20.643,64,6
3149,18.596,64,10
3150,13.042,64,11
3151,26.148,64,8
3152,11.951,64,9
3153,37.361,64,10
3154,20.176,64,9
3155,11.872,64,12
3156,16.812,64,10
3157,18.402,64,9
3158,13.691,64,9
3159,12.137,64,9
3160,12.009,64,9
3161,20.273,64,9
3162,29.232,64,11
3163,26.143,64,8
3164,27.419,64,11
3165,17.282,64,11
3166,9.689,64,11
3167,17.591,64,8
3168,13.185,64,11
3169,20.313,64,8
3170,9.792,64,10
3171,17.217,64,10
3172,20.369,64,6
3173,19.047,64,9
3174,13.938,64,11
3175,13.523,64,9
3176,17.38,64,10
3177,8.981,64,8
3178,17.469,64,9
3179,16.998,64,8
3180,40.552,64,9
3181,23.955,64,9
3182,18.602,64,11
3183,9.553,64,7
3184,18.816,64,10
3185,20.251,64,9
3186,27.235,64,9
3187,12.006,64,10
3188,24.118,64,8
3189,12.173,64,10
3190,35.239,64,9
3191,33.292,64,9
3192,9.753,64,11
3193,39.547,64,10
3194,18.532,64,10
3195,11.93,64,11
3196,11.826,64,8
3197,18.544,64,11
3198,13.183,64,9
3199,13.002,64,8
3200,29.422,64,10
3201,18.821,64,11
3202,16.941,64,11
3203,13.692,64,7
3204,13.957,64,7
3205,14.055,64,10
3206,18.992,64,9
3207,17.47,64,6
3208,12.933,64,11
3209,25.83,64,9
3210,9.766,64,4
3211,13.925,64,9
3212,9.8,64,7
3213,7.274,64,10
3214,14.066,64,10
3215,23.933,64,11
3216,13.759,64,9
3217,13.412,64,8
3218,12.006,64,7
3219,16.867,64,8
3220,17.409,64,12
3221,9.726,64,9
3222,17.189,64,8
3223,26.014,64,8
3224,13.819,64,7
3225,17.015,64,11
3226,17.138,64,8
3227,20.252,64,8
3228,13.992,64,9
3229,39.783,64,10
3230,7.936,64,8
3231,13.781,64,6
3232,25.982,64,14
3233,17.558,64,12
3234,23.989,64,7
3235,9.015,64,9
3236,13.682,64,10
3237,20.457,64,11
3238,18.552,64,9
3239,26.16,64,10
3240,20.642,64,10
3241,17.149,64,9
3242,13.912,64,7
3243,13.664,64,10
3244,11.838,64,10
3245,29.266,64,8
3246,13.882,64,9
3247,16.937,64,11
3248,17.138,64,10
3249,12.133,64,11
3250,17.408,64,10
3251,9.318,64,11
3252,7.548,64,4
3253,23.661,64,9
3254,26.941,64,11
3255,16.991,64,10
3256,25.84,64,8
3257,17.29,64,7
3258,18.959,64,7
3259,11.932,64,10
3260,14.054,64,9
3261,13.831,64,12
3262,25.645,64,8
3263,20.273,64,10
3264,18.424,64,11
3265,17.209,64,10
3266,7.587,64,7
3267,12.188,64,7
3268,20.484,64,12
3269,26.959,64,7
3270,12.044,64,11
3271,25.895,64,9
3272,20.509,64,9
3273,14.091,64,11
3274,9.716,64,10
3275,19.042,64,9
3276,25.886,64,10
3277,27.398,64,7
3278,13.454,64,13
3279,12.094,64,8
3280,19.981,64,9
3281,17.462,64,11
3282,14.171,64,11
3283,13.136,64,8
3284,16.995,64,8
3285,17.602,64,10
3286,14.174,64,11
3287,18.641,64,8
3288,9.464,64,10
3289,12.167,64,11
3290,20.43,64,10
3291,9.746,64,11
3292,33.19,64,10
3293,14.159,64,10
3294,23.944,64,8
3295,9.792,64,11
3296,20.272,64,11
3297,20.507,64,10
3298,18.654,64,12
3299,32.861,64,7
3300,17.007,64,10
3301,20.459,64,8
3302,13.198,64,12
3303,18.602,64,9
3304,20.418,64,11
3305,25.631,64,12
3306,27.251,64,9
3307,9.478,64,9
3308,38.12,64,10
3309,13.081,64,9
3310,17.264,64,10
3311,13.993,64,10
3312,26.923,64,8
3313,23.754,64,10
3314,25.846,64,8
3315,8.041,64,9
3316,38.423,64,8
3317,20.079,64,11
3318,20.485,64,12
3319,7.92,64,9
3320,17.303,64,10
3321,14.152,64,8
3322,17.534,64,9
3323,12.996,64,10
3324,12.076,64,9
3325,18.557,64,6
3326,13.607,64,9
3327,16.824,64,11
3328,13.997,64,10
3329,23.767,64,6
3330,14.18,64,9
3331,17.388,64,8
3332,25.784,64,8
3333,17.152,64,8
3334,18.421,64,9
3335,20.521,64,11
3336,23.647,64,11
3337,35.088,64,9
3338,13.837,64,8
3339,17.596,64,9
3340,11.8,64,9
3341,18.765,64,8
3342,23.604,64,11
3343,17.465,64,9
3344,17.588,64,9
3345,24.152,64,7
3346,33.512,64,8
3347,14.059,64,11
3348,53.32,64,12
3349,12.144,64,10
3350,13.971,64,6
3351,27.532,64,11
3352,23.464,64,10
3353,47.344,64,11
3354,12.983,64,11
3355,14.087,64,11
3356,11.8,64,7
3357,12.925,64,9
3358,9.137,64,8
3359,17.147,64,6
3360,26.257,64,8
3361,18.374,64,9
3362,12.031,64,5
3363,20.477,64,11
3364,39.499,64,10
3365,13.767,64,8
3366,18.64,64,7
3367,25.643,64,9
3368,25.552,64,9
3369,14.064,64,9
3370,29.678,64,12
3371,17.214,64,9
3372,16.829,64,10
3373,9.515,64,10
3374,14.224,64,10
3375,9.833,64,9
3376,17.193,64,11
3377,23.859,64,8
3378,17.57,64,11
3379,9.799,64,8
3380,14.1,64,12
3381,26.019,64,10
3382,25.911,64,8
3383,14.286,64,10
3384,23.724,64,10
3385,11.857,64,11
3386,17.409,64,7
3387,13.702,64,8
3388,11.941,64,11
3389,13.021,64,10
3390,18.531,64,9
3391,9.758,64,7
3392,18.554,64,8
3393,13.809,64,12
3394,11.959,64,8
3395,29.328,64,9
