id,generation_time_seconds,tokens_generated
0,3.968,128
1,3.258,128
2,3.264,128
3,3.242,128
4,3.24,128
5,3.24,128
6,3.293,128
7,3.328,128
8,3.272,128
9,3.368,128
10,3.403,128
11,3.258,128
12,3.247,128
13,3.304,128
14,3.365,128
15,3.226,128
16,3.356,128
17,3.253,128
18,3.352,128
19,3.267,128
20,3.281,128
21,3.324,128
22,3.363,128
23,3.313,128
24,3.397,128
25,3.381,128
26,3.257,128
27,3.243,128
28,3.39,128
29,3.294,128
30,3.402,128
31,3.31,128
32,3.274,128
33,3.308,128
34,3.289,128
35,3.256,128
36,3.307,128
37,3.375,128
38,3.287,128
39,3.445,128
40,3.227,128
41,3.373,128
42,3.298,128
43,3.286,128
44,3.293,128
45,3.36,128
46,3.336,128
47,3.223,128
48,3.357,128
49,3.232,128
50,3.331,128
51,3.255,128
52,3.298,128
53,3.275,128
54,3.286,128
55,3.354,128
56,3.297,128
57,3.269,128
58,3.349,128
59,3.467,128
60,3.335,128
61,3.311,128
62,3.349,128
63,3.325,128
64,3.269,128
65,3.425,128
66,3.279,128
67,3.278,128
68,3.333,128
69,3.38,128
70,3.247,128
71,3.327,128
72,3.286,128
73,3.308,128
74,3.24,128
75,3.266,128
76,3.265,128
77,3.249,128
78,3.32,128
79,3.284,128
80,3.278,128
81,3.24,128
82,3.282,128
83,3.298,128
84,3.276,128
85,3.267,128
86,3.357,128
87,3.285,128
88,3.265,128
89,3.269,128
90,3.332,128
91,3.262,128
92,3.273,128
93,3.428,128
94,3.369,128
95,3.288,128
96,3.228,128
97,3.263,128
98,3.312,128
99,3.324,128
100,3.312,128
101,3.278,128
102,3.318,128
103,3.338,128
104,3.445,128
105,3.256,128
106,3.448,128
107,3.253,128
108,3.329,128
109,3.262,128
110,3.227,128
111,3.224,128
112,3.253,128
113,3.251,128
114,3.256,128
115,3.305,128
116,3.354,128
117,3.256,128
118,3.243,128
119,3.373,128
120,3.323,128
121,3.444,128
122,3.327,128
123,3.277,128
124,3.262,128
125,3.254,128
126,3.246,128
127,3.516,128
128,3.508,128
129,3.556,128
130,3.479,128
131,3.505,128
132,3.502,128
133,3.369,128
134,3.568,128
135,3.455,128
136,3.343,128
137,3.276,128
138,3.243,128
139,3.227,128
140,3.24,128
141,3.223,128
142,3.264,128
143,3.218,128
144,3.261,128
145,3.313,128
146,3.282,128
147,3.408,128
148,3.384,128
149,3.342,128
150,3.233,128
151,3.246,128
152,3.267,128
153,3.226,128
154,3.285,128
155,3.321,128
156,3.449,128
157,3.256,128
158,3.296,128
159,3.368,128
160,3.257,128
161,3.26,128
162,3.215,128
163,3.249,128
164,3.223,128
165,3.36,128
166,3.343,128
167,3.222,128
168,3.328,128
169,3.296,128
170,3.325,128
171,3.244,128
172,3.262,128
173,3.216,128
174,3.245,128
175,3.273,128
176,3.335,128
177,3.264,128
178,3.229,128
179,3.254,128
180,3.29,128
181,3.301,128
182,3.239,128
183,3.207,128
184,3.292,128
185,3.334,128
186,3.238,128
187,3.223,128
188,3.323,128
189,3.341,128
190,3.261,128
191,3.279,128
192,3.296,128
193,3.282,128
194,3.315,128
195,3.395,128
196,3.258,128
197,3.331,128
198,3.254,128
199,3.295,128
200,3.3,128
201,3.25,128
202,3.404,128
203,3.26,128
204,3.258,128
205,3.29,128
206,3.245,128
207,3.369,128
208,3.235,128
209,3.279,128
210,3.259,128
211,3.229,128
212,3.231,128
213,3.287,128
214,3.269,128
215,3.25,128
216,3.265,128
217,3.277,128
218,3.327,128
219,3.266,128
220,3.331,128
221,3.316,128
222,3.353,128
223,3.253,128
224,3.257,128
225,3.282,128
226,3.265,128
227,3.246,128
228,3.252,128
229,3.261,128
230,3.319,128
231,3.318,128
232,3.28,128
233,3.248,128
234,3.322,128
235,3.318,128
236,3.314,128
237,3.341,128
238,3.464,128
239,3.502,128
240,3.476,128
241,3.514,128
242,3.519,128
243,3.511,128
244,3.591,128
245,3.577,128
246,3.399,128
247,3.287,128
248,3.404,128
249,3.481,128
250,3.484,128
251,3.525,128
252,3.305,128
253,3.344,128
254,3.288,128
255,3.341,128
256,3.279,128
257,3.217,128
258,3.256,128
259,3.267,128
260,3.3,128
261,3.236,128
262,3.282,128
263,3.318,128
264,3.26,128
265,3.245,128
266,3.253,128
267,3.248,128
268,3.414,128
269,3.392,128
270,3.31,128
271,3.333,128
272,3.385,128
273,3.321,128
274,3.223,128
275,3.341,128
276,3.574,128
277,3.272,128
278,3.302,128
279,3.41,128
280,3.239,128
281,3.323,128
282,3.266,128
283,3.269,128
284,3.314,128
285,3.239,128
286,3.303,128
287,3.339,128
288,3.263,128
289,3.299,128
290,3.276,128
291,3.258,128
292,3.326,128
293,3.256,128
294,3.278,128
295,3.228,128
296,3.327,128
297,3.301,128
298,3.295,128
299,3.268,128
300,3.278,128
301,3.25,128
302,3.228,128
303,3.297,128
304,3.229,128
305,3.268,128
306,3.239,128
307,3.243,128
308,3.312,128
309,3.406,128
310,3.334,128
311,3.297,128
312,3.367,128
313,3.72,128
314,3.415,128
315,3.39,128
316,3.267,128
317,3.272,128
318,3.27,128
319,3.285,128
320,3.382,128
321,3.423,128
322,3.453,128
323,3.272,128
324,3.262,128
325,3.28,128
326,3.283,128
327,3.305,128
328,3.309,128
329,3.344,128
330,3.326,128
331,3.255,128
332,3.253,128
333,3.276,128
334,3.293,128
335,3.328,128
336,3.276,128
337,3.294,128
338,3.232,128
339,3.337,128
340,3.501,128
341,3.513,128
342,3.461,128
343,3.606,128
344,3.48,128
345,3.283,128
346,3.276,128
347,3.301,128
348,3.253,128
349,3.28,128
350,3.287,128
351,3.339,128
352,3.272,128
353,3.281,128
354,3.388,128
355,3.28,128
356,3.351,128
357,3.523,128
358,3.462,128
359,3.288,128
360,3.272,128
361,3.385,128
362,3.25,128
363,3.351,128
364,3.251,128
365,3.228,128
366,3.323,128
367,3.261,128
368,3.253,128
369,3.282,128
370,3.283,128
371,3.427,128
372,3.618,128
373,3.547,128
374,3.447,128
375,3.397,128
376,3.396,128
377,3.385,128
378,3.445,128
379,3.42,128
380,3.354,128
381,3.435,128
382,3.546,128
383,3.389,128
384,3.375,128
385,3.399,128
386,3.362,128
387,3.346,128
388,3.378,128
389,3.368,128
390,3.404,128
391,3.352,128
392,3.458,128
393,3.396,128
394,3.361,128
395,3.398,128
396,3.358,128
397,3.368,128
398,3.407,128
399,3.394,128
400,3.381,128
401,3.347,128
402,3.452,128
403,3.451,128
404,3.364,128
405,3.367,128
406,3.391,128
407,3.347,128
408,3.464,128
409,3.354,128
410,3.352,128
411,3.353,128
412,3.406,128
413,3.401,128
414,3.377,128
415,3.353,128
416,3.339,128
417,3.324,128
418,3.404,128
419,3.344,128
420,3.338,128
421,3.351,128
422,3.374,128
423,3.423,128
424,3.441,128
425,3.357,128
426,3.368,128
427,3.45,128
428,3.423,128
429,3.371,128
430,3.373,128
431,3.378,128
432,3.411,128
433,3.37,128
434,3.465,128
435,3.377,128
436,3.389,128
437,3.356,128
438,3.402,128
439,3.359,128
440,3.361,128
441,3.404,128
442,3.401,128
443,3.347,128
444,3.483,128
445,3.413,128
446,3.38,128
447,3.365,128
448,3.363,128
449,3.416,128
450,3.417,128
451,3.355,128
452,3.341,128
453,3.385,128
454,3.37,128
455,3.431,128
456,3.389,128
457,3.433,128
458,3.46,128
459,3.376,128
460,3.374,128
461,3.466,128
462,3.406,128
463,3.375,128
464,3.41,128
465,3.42,128
466,3.357,128
467,3.409,128
468,3.365,128
469,3.373,128
470,3.415,128
471,3.343,128
472,3.368,128
473,3.357,128
474,3.354,128
475,3.398,128
476,3.403,128
477,3.378,128
478,3.38,128
479,3.393,128
480,3.463,128
481,3.356,128
482,3.373,128
483,3.377,128
484,3.357,128
485,3.411,128
486,3.422,128
487,3.414,128
488,3.364,128
489,3.343,128
490,3.403,128
491,3.439,128
492,3.492,128
493,3.385,128
494,3.357,128
495,3.413,128
496,3.384,128
497,3.376,128
498,3.383,128
499,3.451,128
500,3.36,128
501,3.369,128
502,3.38,128
503,3.351,128
504,3.369,128
505,3.345,128
506,3.348,128
507,3.452,128
508,3.415,128
509,3.439,128
510,3.41,128
511,3.379,128
512,3.387,128
513,3.442,128
514,3.423,128
515,3.445,128
516,3.366,128
517,3.407,128
518,3.351,128
519,3.35,128
520,3.366,128
521,3.414,128
522,3.388,128
523,3.426,128
524,3.503,128
525,3.423,128
526,3.372,128
527,3.45,128
528,3.44,128
529,3.381,128
530,3.383,128
531,3.419,128
532,3.427,128
533,3.376,128
534,3.419,128
535,3.363,128
536,3.386,128
537,3.363,128
538,3.494,128
539,3.346,128
540,3.336,128
541,3.349,128
542,3.389,128
543,3.433,128
544,3.361,128
545,3.399,128
546,3.429,128
547,3.369,128
548,3.435,128
549,3.366,128
550,3.45,128
551,3.39,128
552,3.423,128
553,3.408,128
554,3.4,128
555,3.349,128
556,3.371,128
557,3.353,128
558,3.371,128
559,3.389,128
560,3.401,128
561,3.439,128
562,3.351,128
563,3.411,128
564,3.434,128
565,3.462,128
566,3.399,128
567,3.45,128
568,3.348,128
569,3.405,128
570,3.401,128
571,3.351,128
572,3.35,128
573,3.368,128
574,3.391,128
575,3.358,128
576,3.355,128
577,3.344,128
578,3.361,128
579,3.386,128
580,3.405,128
581,3.37,128
582,3.369,128
583,3.378,128
584,3.403,128
585,3.412,128
586,3.352,128
587,3.421,128
588,3.37,128
589,3.368,128
590,3.418,128
591,3.356,128
592,3.364,128
593,3.464,128
594,3.355,128
595,3.351,128
596,3.371,128
597,3.451,128
598,3.378,128
599,3.44,128
600,3.429,128
601,3.398,128
602,3.395,128
603,3.358,128
604,3.391,128
605,3.358,128
606,3.376,128
607,3.437,128
608,3.41,128
609,3.43,128
610,3.426,128
611,3.433,128
612,3.376,128
613,3.393,128
614,3.388,128
615,3.35,128
616,3.439,128
617,3.427,128
618,3.446,128
619,3.402,128
620,3.398,128
621,3.454,128
622,3.377,128
623,3.364,128
624,3.371,128
625,3.353,128
626,3.427,128
627,3.374,128
628,3.358,128
629,3.374,128
630,3.342,128
631,3.401,128
632,3.458,128
633,3.348,128
634,3.393,128
635,3.367,128
636,3.437,128
637,3.477,128
638,3.39,128
639,3.363,128
640,3.37,128
641,3.365,128
642,3.463,128
643,3.349,128
644,3.43,128
645,3.391,128
646,3.374,128
647,3.368,128
648,3.381,128
649,3.41,128
650,3.363,128
651,3.392,128
652,3.388,128
653,3.384,128
654,3.35,128
655,3.401,128
656,3.357,128
657,3.447,128
658,3.35,128
659,3.369,128
660,3.414,128
661,3.362,128
662,3.476,128
663,3.486,128
664,3.353,128
665,3.358,128
666,3.419,128
667,3.372,128
668,3.354,128
669,3.408,128
670,3.34,128
671,3.345,128
672,3.343,128
673,3.519,128
674,3.379,128
675,3.393,128
676,3.409,128
677,3.345,128
678,3.348,128
679,3.403,128
680,3.384,128
681,3.37,128
682,3.342,128
683,3.352,128
684,3.388,128
685,3.425,128
686,3.38,128
687,3.386,128
688,3.392,128
689,3.427,128
690,3.433,128
691,3.372,128
692,3.363,128
693,3.399,128
694,3.399,128
695,3.383,128
696,3.391,128
697,3.365,128
698,3.464,128
699,3.433,128
700,3.373,128
701,3.352,128
702,3.378,128
703,3.339,128
704,3.354,128
705,3.399,128
706,3.456,128
707,3.399,128
708,3.462,128
709,3.422,128
710,3.429,128
711,3.407,128
712,3.365,128
713,3.434,128
714,3.366,128
715,3.464,128
716,3.348,128
717,3.382,128
718,3.358,128
719,3.403,128
720,3.396,128
721,3.368,128
722,3.374,128
723,3.35,128
724,3.376,128
725,3.414,128
726,3.402,128
727,3.414,128
728,3.369,128
729,3.368,128
730,3.364,128
731,3.34,128
732,3.403,128
733,3.496,128
734,3.365,128
735,3.347,128
736,3.387,128
737,3.372,128
738,3.367,128
739,3.365,128
740,3.36,128
741,3.423,128
742,3.369,128
743,3.354,128
744,3.359,128
745,3.355,128
746,3.409,128
747,3.414,128
748,3.356,128
749,3.359,128
750,3.371,128
751,3.397,128
752,3.347,128
753,3.398,128
754,3.343,128
755,3.377,128
756,3.362,128
757,3.433,128
758,3.386,128
759,3.361,128
760,3.361,128
761,3.366,128
762,3.37,128
763,3.447,128
764,3.435,128
765,3.389,128
766,3.398,128
767,3.406,128
768,3.405,128
769,3.37,128
770,3.366,128
771,3.375,128
772,3.372,128
773,3.394,128
774,3.418,128
775,3.373,128
776,3.436,128
777,3.402,128
778,3.449,128
779,3.467,128
780,3.401,128
781,3.377,128
782,3.371,128
783,3.376,128
784,3.4,128
785,3.355,128
786,3.375,128
787,3.367,128
788,3.413,128
789,3.371,128
790,3.509,128
791,3.409,128
792,3.349,128
793,3.443,128
794,3.381,128
795,3.369,128
796,3.353,128
797,3.369,128
798,3.382,128
799,3.391,128
800,3.364,128
801,3.352,128
802,3.375,128
803,3.362,128
804,3.423,128
805,3.386,128
806,3.367,128
807,3.353,128
808,3.418,128
809,3.416,128
810,3.391,128
811,3.354,128
812,3.383,128
813,3.473,128
814,3.446,128
815,3.387,128
816,3.365,128
817,3.353,128
818,3.487,128
819,3.507,128
820,3.411,128
821,3.533,128
822,3.398,128
823,3.407,128
824,3.365,128
825,3.381,128
826,3.422,128
827,3.392,128
828,3.42,128
829,3.444,128
830,3.466,128
831,3.389,128
832,3.387,128
833,3.384,128
834,3.408,128
835,3.372,128
836,3.374,128
837,3.455,128
838,3.398,128
839,3.399,128
840,3.404,128
841,3.407,128
842,3.402,128
843,3.376,128
844,3.37,128
845,3.371,128
846,3.369,128
847,3.372,128
848,3.436,128
849,3.402,128
850,3.393,128
851,3.403,128
852,3.456,128
853,3.388,128
854,3.422,128
855,3.437,128
856,3.381,128
857,3.399,128
858,3.347,128
859,3.358,128
860,3.379,128
861,3.461,128
862,3.383,128
863,3.355,128
864,3.451,128
865,3.383,128
866,3.392,128
867,3.379,128
868,3.353,128
869,3.404,128
870,3.405,128
871,3.457,128
872,3.366,128
873,3.356,128
874,3.348,128
875,3.379,128
876,3.347,128
877,3.376,128
878,3.342,128
879,3.384,128
880,3.364,128
881,3.344,128
882,3.476,128
883,3.346,128
884,3.362,128
885,3.355,128
886,3.354,128
887,3.382,128
888,3.414,128
889,3.359,128
890,3.406,128
891,3.457,128
892,3.462,128
893,3.351,128
894,3.376,128
895,3.428,128
896,3.354,128
897,3.362,128
898,3.357,128
899,3.37,128
900,3.362,128
901,3.373,128
902,3.435,128
903,3.427,128
904,3.392,128
905,3.447,128
906,3.398,128
907,3.383,128
908,3.385,128
909,3.401,128
910,3.387,128
911,3.384,128
912,3.351,128
913,3.393,128
914,3.36,128
915,3.359,128
916,3.404,128
917,3.351,128
918,3.349,128
919,3.355,128
920,3.373,128
921,3.394,128
922,3.379,128
923,3.408,128
924,3.425,128
925,3.415,128
926,3.422,128
927,3.376,128
928,3.371,128
929,3.369,128
930,3.433,128
931,3.409,128
932,3.411,128
933,3.389,128
934,3.413,128
935,3.351,128
936,3.407,128
937,3.348,128
938,3.378,128
939,3.388,128
940,3.372,128
941,3.354,128
942,3.372,128
943,3.374,128
944,3.493,128
945,3.421,128
946,3.354,128
947,3.366,128
948,3.347,128
949,3.396,128
950,3.379,128
951,3.503,128
952,3.394,128
953,3.348,128
954,3.414,128
955,3.43,128
956,3.342,128
957,3.345,128
958,3.385,128
959,3.448,128
960,3.372,128
961,3.347,128
962,3.365,128
963,3.359,128
964,3.341,128
965,3.459,128
966,3.363,128
967,3.463,128
968,3.45,128
969,3.381,128
970,3.357,128
971,3.346,128
972,3.354,128
973,3.365,128
974,3.436,128
975,3.442,128
976,3.402,128
977,3.425,128
978,3.486,128
979,3.421,128
980,3.42,128
981,3.387,128
982,3.439,128
983,3.377,128
984,3.375,128
985,3.411,128
986,3.42,128
987,3.44,128
988,3.377,128
989,3.377,128
990,3.36,128
991,3.421,128
992,3.357,128
993,3.357,128
994,3.354,128
995,3.36,128
996,3.403,128
997,3.373,128
998,3.471,128
999,3.35,128
1000,3.37,128
1001,3.46,128
1002,3.359,128
1003,3.4,128
1004,3.474,128
1005,3.411,128
1006,3.403,128
1007,3.368,128
1008,3.379,128
1009,3.39,128
1010,3.457,128
1011,3.38,128
1012,3.403,128
1013,3.367,128
1014,3.378,128
1015,3.394,128
1016,3.365,128
1017,3.393,128
1018,3.356,128
1019,3.404,128
1020,3.387,128
1021,3.359,128
1022,3.367,128
1023,3.363,128
1024,3.449,128
1025,3.416,128
1026,3.393,128
1027,3.416,128
1028,3.37,128
1029,3.387,128
1030,3.373,128
1031,3.376,128
1032,3.364,128
1033,3.404,128
1034,3.394,128
1035,3.485,128
1036,3.503,128
1037,3.386,128
1038,3.403,128
1039,3.452,128
1040,3.407,128
1041,3.361,128
1042,3.362,128
1043,3.387,128
1044,3.37,128
1045,3.353,128
1046,3.438,128
1047,3.415,128
1048,3.53,128
1049,3.349,128
1050,3.413,128
1051,3.375,128
1052,3.34,128
1053,3.348,128
1054,3.427,128
1055,3.349,128
1056,3.357,128
1057,3.361,128
1058,3.46,128
1059,3.448,128
1060,3.378,128
1061,3.356,128
1062,3.355,128
1063,3.365,128
1064,3.434,128
1065,3.402,128
1066,3.368,128
1067,3.435,128
1068,3.36,128
1069,3.394,128
1070,3.34,128
1071,3.334,128
1072,3.413,128
1073,3.394,128
1074,3.397,128
1075,3.439,128
1076,3.392,128
1077,3.445,128
1078,3.37,128
1079,3.466,128
1080,3.56,128
1081,3.489,128
1082,3.43,128
1083,3.4,128
1084,3.481,128
1085,3.376,128
1086,3.369,128
1087,3.462,128
1088,3.42,128
1089,3.434,128
1090,3.38,128
1091,3.436,128
1092,3.362,128
1093,3.356,128
1094,3.359,128
1095,3.373,128
1096,3.457,128
1097,3.415,128
1098,3.344,128
1099,3.423,128
1100,3.407,128
1101,3.353,128
1102,3.472,128
1103,3.349,128
1104,3.38,128
1105,3.33,128
1106,3.354,128
1107,3.338,128
1108,3.374,128
1109,3.433,128
1110,3.404,128
1111,3.369,128
1112,3.361,128
1113,3.393,128
1114,3.348,128
1115,3.366,128
1116,3.372,128
1117,3.363,128
1118,3.361,128
1119,3.422,128
1120,3.391,128
1121,3.431,128
1122,3.409,128
1123,3.376,128
1124,3.406,128
1125,3.396,128
1126,3.414,128
1127,3.383,128
1128,3.413,128
1129,3.379,128
1130,3.353,128
1131,3.417,128
1132,3.392,128
1133,3.379,128
1134,3.352,128
1135,3.409,128
1136,3.383,128
1137,3.351,128
1138,3.36,128
1139,3.374,128
1140,3.408,128
1141,3.394,128
1142,3.384,128
1143,3.363,128
1144,3.35,128
1145,3.382,128
1146,3.347,128
1147,3.404,128
1148,3.481,128
1149,3.344,128
1150,3.374,128
1151,3.383,128
1152,3.425,128
1153,3.468,128
1154,3.362,128
1155,3.418,128
1156,3.348,128
1157,3.451,128
1158,3.349,128
1159,3.362,128
1160,3.342,128
1161,3.365,128
1162,3.455,128
1163,3.384,128
1164,3.418,128
1165,3.401,128
1166,3.414,128
1167,3.349,128
1168,3.43,128
1169,3.369,128
1170,3.39,128
1171,3.389,128
1172,3.411,128
1173,3.417,128
1174,3.378,128
1175,3.357,128
1176,3.343,128
1177,3.49,128
1178,3.48,128
1179,3.5,128
1180,3.534,128
1181,3.426,128
1182,3.369,128
1183,3.478,128
1184,3.403,128
1185,3.376,128
1186,3.409,128
1187,3.381,128
1188,3.338,128
1189,3.477,128
1190,3.347,128
1191,3.388,128
1192,3.377,128
1193,3.371,128
1194,3.396,128
1195,3.327,128
1196,3.347,128
1197,3.372,128
1198,3.364,128
1199,3.365,128
1200,3.397,128
1201,3.361,128
1202,3.376,128
1203,3.365,128
1204,3.502,128
1205,3.36,128
1206,3.367,128
1207,3.364,128
1208,3.404,128
1209,3.376,128
1210,3.379,128
1211,3.364,128
1212,3.351,128
1213,3.436,128
1214,3.452,128
1215,3.423,128
1216,3.409,128
1217,3.358,128
1218,3.368,128
1219,3.378,128
1220,3.417,128
1221,3.408,128
1222,3.433,128
1223,3.351,128
1224,3.488,128
1225,3.473,128
1226,3.367,128
1227,3.383,128
1228,3.36,128
1229,3.396,128
1230,3.377,128
1231,3.376,128
1232,3.411,128
1233,3.376,128
1234,3.363,128
1235,3.424,128
1236,3.369,128
1237,3.364,128
1238,3.393,128
1239,3.449,128
1240,3.527,128
1241,3.389,128
1242,3.39,128
1243,3.411,128
1244,3.438,128
1245,3.395,128
1246,3.401,128
1247,3.372,128
1248,3.356,128
1249,3.385,128
1250,3.423,128
1251,3.353,128
1252,3.346,128
1253,3.368,128
1254,3.347,128
1255,3.371,128
1256,3.396,128
1257,3.361,128
1258,3.364,128
1259,3.363,128
1260,3.375,128
1261,3.409,128
1262,3.375,128
1263,3.345,128
1264,3.387,128
1265,3.372,128
1266,3.476,128
1267,3.399,128
1268,3.357,128
1269,3.375,128
1270,3.373,128
1271,3.392,128
1272,3.363,128
1273,3.349,128
1274,3.391,128
1275,3.343,128
1276,3.443,128
1277,3.449,128
1278,3.346,128
1279,3.348,128
1280,3.376,128
1281,3.42,128
1282,3.339,128
1283,3.362,128
1284,3.342,128
1285,3.349,128
1286,3.391,128
1287,3.421,128
1288,3.436,128
1289,3.35,128
1290,3.42,128
1291,3.411,128
1292,3.416,128
1293,3.498,128
1294,3.4,128
1295,3.399,128
1296,3.35,128
1297,3.387,128
1298,3.38,128
1299,3.352,128
1300,3.349,128
1301,3.345,128
1302,3.35,128
1303,3.35,128
1304,3.373,128
1305,3.409,128
1306,3.366,128
1307,3.368,128
1308,3.434,128
1309,3.415,128
1310,3.462,128
1311,3.348,128
1312,3.412,128
1313,3.376,128
1314,3.402,128
1315,3.379,128
1316,3.387,128
1317,3.342,128
1318,3.378,128
1319,3.365,128
1320,3.352,128
1321,3.404,128
1322,3.408,128
1323,3.36,128
1324,3.368,128
1325,3.365,128
1326,3.408,128
1327,3.38,128
1328,3.408,128
1329,3.411,128
1330,3.424,128
1331,3.368,128
1332,3.345,128
1333,3.403,128
1334,3.427,128
1335,3.464,128
1336,3.331,128
1337,3.407,128
1338,3.404,128
1339,3.474,128
1340,3.499,128
1341,3.373,128
1342,3.371,128
1343,3.366,128
1344,3.351,128
1345,3.377,128
1346,3.367,128
1347,3.358,128
1348,3.348,128
1349,3.381,128
1350,3.38,128
1351,3.402,128
1352,3.375,128
1353,3.401,128
1354,3.348,128
1355,3.352,128
1356,3.364,128
1357,3.41,128
1358,3.35,128
1359,3.371,128
1360,3.484,128
1361,3.345,128
1362,3.352,128
1363,3.421,128
1364,3.368,128
1365,3.407,128
1366,3.362,128
1367,3.408,128
1368,3.344,128
1369,3.362,128
1370,3.382,128
1371,3.383,128
1372,3.42,128
1373,3.367,128
1374,3.361,128
1375,3.367,128
1376,3.34,128
1377,3.348,128
1378,3.36,128
1379,3.362,128
1380,3.368,128
1381,3.529,128
1382,3.348,128
1383,3.358,128
1384,3.843,128
1385,3.712,128
1386,3.664,128
1387,3.781,128
1388,3.746,128
1389,3.726,128
1390,3.739,128
1391,3.605,128
1392,3.843,128
1393,3.711,128
1394,3.676,128
1395,3.698,128
1396,3.629,128
1397,3.594,128
1398,3.702,128
1399,3.618,128
1400,3.502,128
1401,3.653,128
1402,3.588,128
1403,3.698,128
1404,3.59,128
1405,3.731,128
1406,3.667,128
1407,3.615,128
1408,3.575,128
1409,3.398,128
1410,3.32,128
1411,3.442,128
1412,3.43,128
1413,3.484,128
1414,3.496,128
1415,3.628,128
1416,3.548,128
1417,3.623,128
1418,3.525,128
1419,3.416,128
1420,3.479,128
1421,3.412,128
1422,3.511,128
1423,3.376,128
1424,3.429,128
1425,3.477,128
1426,3.373,128
1427,3.325,128
1428,3.459,128
1429,3.473,128
1430,3.477,128
1431,3.33,128
1432,3.357,128
1433,3.325,128
1434,3.409,128
1435,3.565,128
1436,3.421,128
1437,3.362,128
1438,3.384,128
1439,3.379,128
1440,3.387,128
1441,3.492,128
1442,3.551,128
1443,3.398,128
1444,3.354,128
1445,3.415,128
1446,3.458,128
1447,3.354,128
1448,3.442,128
1449,3.336,128
1450,3.326,128
1451,3.296,128
1452,3.34,128
1453,3.398,128
1454,3.41,128
1455,3.348,128
1456,3.628,128
1457,3.381,128
1458,3.405,128
1459,3.407,128
1460,3.32,128
1461,3.426,128
1462,3.417,128
1463,3.362,128
1464,3.377,128
1465,3.383,128
1466,3.325,128
1467,3.396,128
1468,3.604,128
1469,3.361,128
1470,3.441,128
1471,3.352,128
1472,3.396,128
1473,3.354,128
1474,3.335,128
1475,3.351,128
1476,3.46,128
1477,3.35,128
1478,3.401,128
1479,3.502,128
1480,3.355,128
1481,3.309,128
1482,3.353,128
1483,3.322,128
1484,3.34,128
1485,3.363,128
1486,3.332,128
1487,3.393,128
1488,3.426,128
1489,3.436,128
1490,3.381,128
1491,3.423,128
1492,3.308,128
1493,3.349,128
1494,3.344,128
1495,3.329,128
1496,3.398,128
1497,3.31,128
1498,3.381,128
1499,3.32,128
1500,3.503,128
1501,3.398,128
1502,3.364,128
1503,3.329,128
1504,3.366,128
1505,3.346,128
1506,3.366,128
1507,3.513,128
1508,3.457,128
1509,3.547,128
1510,3.355,128
1511,3.441,128
1512,3.381,128
1513,3.481,128
1514,3.343,128
1515,3.387,128
1516,3.348,128
1517,3.312,128
1518,3.326,128
1519,3.424,128
1520,3.416,128
1521,3.374,128
1522,3.413,128
1523,3.316,128
1524,3.355,128
1525,3.35,128
1526,3.417,128
1527,3.413,128
1528,3.395,128
1529,3.333,128
1530,3.336,128
1531,3.399,128
1532,3.498,128
1533,3.421,128
1534,3.375,128
1535,3.462,128
1536,3.521,128
1537,3.476,128
1538,3.466,128
1539,3.344,128
1540,3.377,128
1541,3.39,128
1542,3.428,128
1543,3.411,128
1544,3.312,128
1545,3.362,128
1546,3.407,128
1547,3.386,128
1548,3.359,128
1549,3.372,128
1550,3.346,128
1551,3.35,128
1552,3.374,128
1553,3.513,128
1554,3.374,128
1555,3.345,128
1556,3.341,128
1557,3.341,128
1558,3.368,128
1559,3.376,128
1560,3.323,128
1561,3.363,128
1562,3.311,128
1563,3.324,128
1564,3.363,128
1565,3.33,128
1566,3.322,128
1567,3.413,128
1568,3.309,128
1569,3.335,128
1570,3.46,128
1571,3.354,128
1572,3.36,128
1573,3.375,128
1574,3.413,128
1575,3.403,128
1576,3.449,128
1577,3.415,128
1578,3.342,128
1579,3.41,128
1580,3.392,128
1581,3.387,128
1582,3.41,128
1583,3.433,128
1584,3.394,128
1585,3.429,128
1586,3.418,128
1587,3.353,128
1588,3.364,128
1589,3.374,128
1590,3.432,128
1591,3.41,128
1592,3.395,128
1593,3.363,128
1594,3.353,128
1595,3.371,128
1596,3.408,128
1597,3.361,128
1598,3.368,128
1599,3.379,128
1600,3.335,128
1601,3.366,128
1602,3.335,128
1603,3.337,128
1604,3.35,128
1605,3.359,128
1606,3.476,128
1607,3.442,128
1608,3.456,128
1609,3.356,128
1610,3.354,128
1611,3.377,128
1612,3.361,128
1613,3.358,128
1614,3.473,128
1615,3.428,128
1616,3.4,128
1617,3.349,128
1618,3.407,128
1619,3.36,128
1620,3.389,128
1621,3.36,128
1622,3.357,128
1623,3.36,128
1624,3.357,128
1625,3.37,128
1626,3.456,128
1627,3.361,128
1628,3.473,128
1629,3.417,128
1630,3.497,128
1631,3.43,128
1632,3.359,128
1633,3.377,128
1634,3.352,128
1635,3.377,128
1636,3.36,128
1637,3.394,128
1638,3.388,128
1639,3.372,128
1640,3.353,128
1641,3.364,128
1642,3.382,128
1643,3.356,128
1644,3.356,128
1645,3.489,128
1646,3.373,128
1647,3.366,128
1648,3.454,128
1649,3.383,128
1650,3.32,128
1651,3.328,128
1652,3.462,128
1653,3.396,128
1654,3.415,128
1655,3.395,128
1656,3.414,128
1657,3.359,128
1658,3.463,128
1659,3.55,128
1660,3.522,128
1661,3.391,128
1662,3.386,128
1663,3.4,128
1664,3.385,128
1665,3.53,128
1666,3.341,128
1667,3.391,128
1668,3.352,128
1669,3.47,128
1670,3.347,128
1671,3.448,128
1672,3.391,128
1673,3.438,128
1674,3.386,128
1675,3.364,128
1676,3.345,128
1677,3.378,128
1678,3.39,128
1679,3.414,128
1680,3.404,128
1681,3.38,128
1682,3.415,128
1683,3.365,128
1684,3.359,128
1685,3.347,128
1686,3.345,128
1687,3.366,128
1688,3.428,128
1689,3.359,128
1690,3.472,128
1691,3.35,128
1692,3.361,128
1693,3.391,128
1694,3.355,128
1695,3.388,128
1696,3.36,128
1697,3.366,128
1698,3.422,128
1699,3.385,128
1700,3.435,128
1701,3.431,128
1702,3.386,128
1703,3.321,128
1704,3.427,128
1705,3.362,128
1706,3.354,128
1707,3.352,128
1708,3.406,128
1709,3.352,128
1710,3.402,128
1711,3.434,128
1712,3.368,128
1713,3.414,128
1714,3.366,128
1715,3.416,128
1716,3.402,128
1717,3.462,128
1718,3.44,128
1719,3.396,128
1720,3.478,128
1721,3.419,128
1722,3.369,128
1723,3.354,128
1724,3.394,128
1725,3.385,128
1726,3.406,128
1727,3.432,128
1728,3.387,128
1729,3.389,128
1730,3.41,128
1731,3.403,128
1732,3.439,128
1733,3.357,128
1734,3.371,128
1735,3.371,128
1736,3.38,128
1737,3.348,128
1738,3.402,128
1739,3.396,128
1740,3.402,128
1741,3.375,128
1742,3.375,128
1743,3.406,128
1744,3.348,128
1745,3.368,128
1746,3.467,128
1747,3.361,128
1748,3.355,128
1749,3.413,128
1750,3.393,128
1751,3.43,128
1752,3.384,128
1753,3.457,128
1754,3.417,128
1755,3.528,128
1756,3.387,128
1757,3.325,128
1758,3.365,128
1759,3.369,128
1760,3.393,128
1761,3.373,128
1762,3.389,128
1763,3.356,128
1764,3.359,128
1765,3.403,128
1766,3.428,128
1767,3.416,128
1768,3.427,128
1769,3.351,128
1770,3.358,128
1771,3.353,128
1772,3.39,128
1773,3.445,128
1774,3.36,128
1775,3.387,128
1776,3.379,128
1777,3.395,128
1778,3.365,128
1779,3.353,128
1780,3.393,128
1781,3.357,128
1782,3.408,128
1783,3.392,128
1784,3.373,128
1785,3.413,128
1786,3.458,128
1787,3.478,128
1788,3.421,128
1789,3.378,128
1790,3.446,128
1791,3.368,128
1792,3.408,128
1793,3.374,128
1794,3.477,128
1795,3.453,128
1796,3.386,128
1797,3.375,128
1798,3.521,128
1799,3.378,128
1800,3.368,128
1801,3.399,128
1802,3.439,128
1803,3.404,128
1804,3.407,128
1805,3.459,128
1806,3.387,128
1807,3.361,128
1808,3.409,128
1809,3.365,128
1810,3.389,128
1811,3.341,128
1812,3.447,128
1813,3.391,128
1814,3.362,128
1815,3.387,128
1816,3.367,128
1817,3.381,128
1818,3.357,128
1819,3.367,128
1820,3.377,128
1821,3.357,128
1822,3.388,128
1823,3.419,128
1824,3.409,128
1825,3.369,128
1826,3.348,128
1827,3.357,128
1828,3.317,128
1829,3.383,128
1830,3.368,128
1831,3.359,128
1832,3.482,128
1833,3.401,128
1834,3.366,128
1835,3.381,128
1836,3.365,128
1837,3.374,128
1838,3.377,128
1839,3.371,128
1840,3.37,128
1841,3.378,128
1842,3.37,128
1843,3.392,128
1844,3.44,128
1845,3.347,128
1846,3.319,128
1847,3.343,128
1848,3.385,128
1849,3.396,128
1850,3.444,128
1851,3.398,128
1852,3.368,128
1853,3.374,128
1854,3.406,128
1855,3.359,128
1856,3.376,128
1857,3.377,128
1858,3.388,128
1859,3.391,128
1860,3.363,128
1861,3.427,128
1862,3.382,128
1863,3.355,128
1864,3.435,128
1865,3.471,128
1866,3.418,128
1867,3.387,128
1868,3.367,128
1869,3.374,128
1870,3.373,128
1871,3.371,128
1872,3.376,128
1873,3.366,128
1874,3.356,128
1875,3.417,128
1876,3.399,128
1877,3.367,128
1878,3.414,128
1879,3.407,128
1880,3.415,128
1881,3.35,128
1882,3.341,128
1883,3.4,128
1884,3.353,128
1885,3.498,128
1886,3.471,128
1887,3.353,128
1888,3.392,128
1889,3.486,128
1890,3.411,128
1891,3.443,128
1892,3.369,128
1893,3.403,128
1894,3.365,128
1895,3.353,128
1896,3.366,128
1897,3.356,128
1898,3.374,128
1899,3.361,128
1900,3.389,128
1901,3.391,128
1902,3.375,128
1903,3.417,128
1904,3.396,128
1905,3.425,128
1906,3.39,128
1907,3.36,128
1908,3.36,128
1909,3.355,128
1910,3.436,128
1911,3.358,128
1912,3.382,128
1913,3.387,128
1914,3.37,128
1915,3.333,128
1916,3.359,128
1917,3.396,128
1918,3.382,128
1919,3.388,128
1920,3.381,128
1921,3.361,128
1922,3.365,128
1923,3.407,128
1924,3.443,128
1925,3.375,128
1926,3.375,128
1927,3.393,128
1928,3.381,128
1929,3.44,128
1930,3.448,128
1931,3.419,128
1932,3.407,128
1933,3.365,128
1934,3.321,128
1935,3.427,128
1936,3.36,128
1937,3.366,128
1938,3.365,128
1939,3.393,128
1940,3.388,128
1941,3.454,128
1942,3.366,128
1943,3.358,128
1944,3.363,128
1945,3.441,128
1946,3.376,128
1947,3.362,128
1948,3.369,128
1949,3.381,128
1950,3.334,128
1951,3.428,128
1952,3.348,128
1953,3.412,128
1954,3.362,128
1955,3.371,128
1956,3.432,128
1957,3.419,128
1958,3.376,128
1959,3.438,128
1960,3.355,128
1961,3.378,128
1962,3.384,128
1963,3.358,128
1964,3.381,128
1965,3.42,128
1966,3.394,128
1967,3.464,128
1968,3.331,128
1969,3.35,128
1970,3.346,128
1971,3.396,128
1972,3.359,128
1973,3.397,128
1974,3.382,128
1975,3.403,128
1976,3.357,128
1977,3.375,128
1978,3.375,128
1979,3.36,128
1980,3.361,128
1981,3.44,128
1982,3.395,128
1983,3.394,128
1984,3.401,128
1985,3.416,128
1986,3.4,128
1987,3.338,128
1988,3.344,128
1989,3.38,128
1990,3.356,128
1991,3.423,128
1992,3.382,128
1993,3.349,128
1994,3.376,128
1995,3.364,128
1996,3.36,128
1997,3.359,128
1998,3.477,128
1999,3.348,128
2000,3.384,128
2001,3.347,128
2002,3.354,128
2003,3.359,128
2004,3.336,128
2005,3.365,128
2006,3.338,128
2007,3.363,128
2008,3.347,128
2009,3.37,128
2010,3.376,128
2011,3.369,128
2012,3.357,128
2013,3.361,128
2014,3.387,128
2015,3.364,128
2016,3.406,128
2017,3.419,128
2018,3.424,128
2019,3.345,128
2020,3.45,128
2021,3.335,128
2022,3.365,128
2023,3.444,128
2024,3.375,128
2025,3.357,128
2026,3.504,128
2027,3.353,128
2028,3.387,128
2029,3.45,128
2030,3.425,128
2031,3.434,128
2032,3.374,128
2033,3.404,128
2034,3.35,128
2035,3.346,128
2036,3.445,128
2037,3.41,128
2038,3.458,128
2039,3.334,128
2040,3.334,128
2041,3.386,128
2042,3.337,128
2043,3.414,128
2044,3.352,128
2045,3.336,128
2046,3.382,128
2047,3.344,128
2048,3.393,128
2049,3.458,128
2050,3.366,128
2051,3.379,128
2052,3.368,128
2053,3.38,128
2054,3.347,128
2055,3.43,128
2056,3.455,128
2057,3.411,128
2058,3.387,128
2059,3.345,128
2060,3.378,128
2061,3.451,128
2062,3.387,128
2063,3.349,128
2064,3.364,128
2065,3.396,128
2066,3.422,128
2067,3.352,128
2068,3.427,128
2069,3.35,128
2070,3.396,128
2071,3.362,128
2072,3.389,128
2073,3.365,128
2074,3.366,128
2075,3.365,128
2076,3.356,128
2077,3.349,128
2078,3.349,128
2079,3.352,128
2080,3.375,128
2081,3.365,128
2082,3.414,128
2083,3.393,128
2084,3.335,128
2085,3.346,128
2086,3.38,128
2087,3.396,128
2088,3.352,128
2089,3.362,128
2090,3.355,128
2091,3.343,128
2092,3.367,128
2093,3.392,128
2094,3.333,128
2095,3.367,128
2096,3.383,128
2097,3.409,128
2098,3.336,128
2099,3.473,128
2100,3.398,128
2101,3.431,128
2102,3.392,128
2103,3.395,128
2104,3.337,128
2105,3.347,128
2106,3.363,128
2107,3.384,128
2108,3.356,128
2109,3.346,128
2110,3.384,128
2111,3.349,128
2112,3.373,128
2113,3.421,128
2114,3.346,128
2115,3.371,128
2116,3.336,128
2117,3.405,128
2118,3.375,128
2119,3.356,128
2120,3.405,128
2121,3.342,128
2122,3.337,128
2123,3.395,128
2124,3.424,128
2125,3.401,128
2126,3.344,128
2127,3.448,128
2128,3.344,128
2129,3.434,128
2130,3.346,128
2131,3.352,128
2132,3.399,128
2133,3.388,128
2134,3.376,128
2135,3.371,128
2136,3.348,128
2137,3.499,128
2138,3.464,128
2139,3.361,128
2140,3.419,128
2141,3.397,128
2142,3.354,128
2143,3.41,128
2144,3.373,128
2145,3.337,128
2146,3.349,128
2147,3.397,128
2148,3.4,128
2149,3.461,128
2150,3.419,128
2151,3.362,128
2152,3.362,128
2153,3.389,128
2154,3.374,128
2155,3.365,128
2156,3.364,128
2157,3.383,128
2158,3.441,128
2159,3.371,128
2160,3.433,128
2161,3.356,128
2162,3.412,128
2163,3.368,128
2164,3.354,128
2165,3.388,128
2166,3.35,128
2167,3.44,128
2168,3.457,128
2169,3.383,128
2170,3.351,128
2171,3.374,128
2172,3.434,128
2173,3.347,128
2174,3.356,128
2175,3.461,128
2176,3.419,128
2177,3.385,128
2178,3.391,128
2179,3.341,128
2180,3.395,128
2181,3.405,128
2182,3.398,128
2183,3.338,128
2184,3.41,128
2185,3.407,128
2186,3.418,128
2187,3.358,128
2188,3.432,128
2189,3.367,128
2190,3.346,128
2191,3.419,128
2192,3.435,128
2193,3.376,128
2194,3.4,128
2195,3.378,128
2196,3.375,128
2197,3.432,128
2198,3.483,128
2199,3.358,128
2200,3.369,128
2201,3.363,128
2202,3.368,128
2203,3.399,128
2204,3.354,128
2205,3.409,128
2206,3.357,128
2207,3.355,128
2208,3.4,128
2209,3.355,128
2210,3.36,128
2211,3.351,128
2212,3.406,128
2213,3.365,128
2214,3.382,128
2215,3.344,128
2216,3.399,128
2217,3.423,128
2218,3.41,128
2219,3.471,128
2220,3.351,128
2221,3.406,128
2222,3.365,128
2223,3.412,128
2224,3.452,128
2225,3.369,128
2226,3.419,128
2227,3.335,128
2228,3.428,128
2229,3.457,128
2230,3.457,128
2231,3.375,128
2232,3.385,128
2233,3.331,128
2234,3.324,128
2235,3.307,128
2236,3.346,128
2237,3.368,128
2238,3.367,128
2239,3.442,128
2240,3.387,128
2241,3.359,128
2242,3.336,128
2243,3.328,128
2244,3.381,128
2245,3.374,128
2246,3.423,128
2247,3.364,128
2248,3.424,128
2249,3.397,128
2250,3.372,128
2251,3.349,128
2252,3.342,128
2253,3.334,128
2254,3.374,128
2255,3.403,128
2256,3.405,128
2257,3.397,128
2258,3.372,128
2259,3.449,128
2260,3.441,128
2261,3.345,128
2262,3.381,128
2263,3.419,128
2264,3.361,128
2265,3.381,128
2266,3.344,128
2267,3.406,128
2268,3.427,128
2269,3.434,128
2270,3.359,128
2271,3.337,128
2272,3.37,128
2273,3.409,128
2274,3.373,128
2275,3.342,128
2276,3.357,128
2277,3.339,128
2278,3.355,128
2279,3.334,128
2280,3.423,128
2281,3.375,128
2282,3.448,128
2283,3.344,128
2284,3.448,128
2285,3.4,128
2286,3.346,128
2287,3.35,128
2288,3.392,128
2289,3.401,128
2290,3.458,128
2291,3.374,128
2292,3.373,128
2293,3.422,128
2294,3.368,128
2295,3.363,128
2296,3.466,128
2297,3.367,128
2298,3.426,128
2299,3.418,128
2300,3.39,128
2301,3.333,128
2302,3.356,128
2303,3.444,128
2304,3.374,128
2305,3.323,128
2306,3.342,128
2307,3.333,128
2308,3.479,128
2309,3.376,128
2310,3.504,128
2311,3.381,128
2312,3.454,128
2313,3.399,128
2314,3.474,128
2315,3.474,128
2316,3.524,128
2317,3.488,128
2318,3.356,128
2319,3.339,128
2320,3.457,128
2321,3.403,128
2322,3.509,128
2323,3.349,128
2324,3.333,128
2325,3.418,128
2326,3.363,128
2327,3.447,128
2328,3.351,128
2329,3.339,128
2330,3.395,128
2331,3.344,128
2332,3.339,128
2333,3.339,128
2334,3.377,128
2335,3.369,128
2336,3.388,128
2337,3.38,128
2338,3.339,128
2339,3.322,128
2340,3.401,128
2341,3.341,128
2342,3.421,128
2343,3.339,128
2344,3.352,128
2345,3.44,128
2346,3.393,128
2347,3.363,128
2348,3.393,128
2349,3.341,128
2350,3.392,128
2351,3.494,128
2352,3.331,128
2353,3.375,128
2354,3.368,128
2355,3.376,128
2356,3.363,128
2357,3.344,128
2358,3.328,128
2359,3.339,128
2360,3.355,128
2361,3.478,128
2362,3.365,128
2363,3.439,128
2364,3.419,128
2365,3.41,128
2366,3.364,128
2367,3.412,128
2368,3.356,128
2369,3.417,128
2370,3.378,128
2371,3.377,128
2372,3.4,128
2373,3.396,128
2374,3.45,128
2375,3.345,128
2376,3.352,128
2377,3.349,128
2378,3.395,128
2379,3.377,128
2380,3.349,128
2381,3.339,128
2382,3.355,128
2383,3.39,128
2384,3.42,128
2385,3.347,128
2386,3.394,128
2387,3.367,128
2388,3.339,128
2389,3.355,128
2390,3.43,128
2391,3.361,128
2392,3.375,128
2393,3.403,128
2394,3.375,128
2395,3.398,128
2396,3.355,128
2397,3.36,128
2398,3.432,128
2399,3.374,128
2400,3.385,128
2401,3.365,128
2402,3.768,128
2403,3.37,128
2404,3.367,128
2405,3.346,128
2406,3.413,128
2407,3.336,128
2408,3.363,128
2409,3.437,128
2410,3.359,128
2411,3.342,128
2412,3.336,128
2413,3.354,128
2414,3.427,128
2415,3.357,128
2416,3.404,128
2417,3.43,128
2418,3.381,128
2419,3.349,128
2420,3.416,128
2421,3.377,128
2422,3.488,128
2423,3.361,128
2424,3.454,128
2425,3.423,128
2426,3.354,128
2427,3.355,128
2428,3.385,128
2429,3.376,128
2430,3.353,128
2431,3.362,128
2432,3.337,128
2433,3.334,128
2434,3.387,128
2435,3.427,128
2436,3.358,128
2437,3.357,128
2438,3.348,128
2439,3.521,128
2440,3.503,128
2441,3.395,128
2442,3.373,128
2443,3.536,128
2444,4.098,128
2445,4.39,128
2446,3.871,128
2447,3.404,128
2448,3.452,128
2449,3.444,128
2450,3.479,128
2451,3.417,128
2452,3.395,128
2453,3.364,128
2454,3.342,128
2455,3.339,128
2456,3.375,128
2457,3.383,128
2458,3.365,128
2459,3.383,128
2460,3.365,128
2461,3.36,128
2462,3.498,128
2463,3.405,128
2464,3.385,128
2465,3.385,128
2466,3.416,128
2467,3.363,128
2468,3.356,128
2469,3.379,128
2470,3.334,128
2471,3.367,128
2472,3.341,128
2473,3.405,128
2474,3.383,128
2475,3.405,128
2476,3.343,128
2477,3.346,128
2478,3.364,128
2479,3.402,128
2480,3.364,128
2481,3.34,128
2482,3.416,128
2483,3.367,128
2484,3.421,128
2485,3.383,128
2486,3.38,128
2487,3.356,128
2488,3.366,128
2489,3.352,128
2490,3.396,128
2491,3.443,128
2492,3.34,128
2493,3.35,128
2494,3.394,128
2495,3.341,128
2496,3.363,128
2497,3.382,128
2498,3.351,128
2499,3.385,128
2500,3.4,128
2501,3.409,128
2502,3.344,128
2503,3.353,128
2504,3.376,128
2505,3.42,128
2506,3.36,128
2507,3.369,128
2508,3.443,128
2509,3.44,128
2510,3.425,128
2511,3.371,128
2512,3.362,128
2513,3.372,128
2514,3.372,128
2515,3.34,128
2516,3.334,128
2517,3.415,128
2518,3.421,128
2519,3.415,128
2520,3.339,128
2521,3.366,128
2522,3.399,128
2523,3.393,128
2524,3.38,128
2525,3.341,128
2526,3.343,128
2527,3.382,128
2528,3.42,128
2529,3.373,128
2530,3.396,128
2531,3.344,128
2532,3.386,128
2533,3.339,128
2534,3.345,128
2535,3.335,128
2536,3.363,128
2537,3.343,128
2538,3.359,128
2539,3.372,128
2540,3.386,128
2541,3.38,128
2542,3.372,128
2543,3.35,128
2544,3.344,128
2545,3.425,128
2546,3.404,128
2547,3.483,128
2548,3.546,128
2549,3.345,128
2550,3.36,128
2551,3.339,128
2552,3.329,128
2553,3.381,128
2554,3.394,128
2555,3.408,128
2556,3.34,128
2557,3.351,128
2558,3.454,128
2559,3.422,128
2560,3.343,128
2561,3.379,128
2562,3.378,128
2563,3.354,128
2564,3.362,128
2565,3.402,128
2566,3.339,128
2567,3.396,128
2568,3.336,128
2569,3.348,128
2570,3.339,128
2571,3.345,128
2572,3.362,128
2573,3.376,128
2574,3.437,128
2575,3.334,128
2576,3.379,128
2577,3.345,128
2578,3.382,128
2579,3.365,128
2580,3.396,128
2581,3.355,128
2582,3.366,128
2583,3.347,128
2584,3.334,128
2585,3.408,128
2586,3.339,128
2587,3.392,128
2588,3.351,128
2589,3.437,128
2590,3.367,128
2591,3.453,128
2592,3.41,128
2593,3.423,128
2594,3.402,128
2595,3.344,128
2596,3.41,128
2597,3.426,128
2598,3.397,128
2599,3.346,128
2600,3.397,128
2601,3.376,128
2602,3.358,128
2603,3.36,128
2604,3.482,128
2605,3.337,128
2606,3.367,128
2607,3.363,128
2608,3.372,128
2609,3.353,128
2610,3.382,128
2611,3.436,128
2612,3.355,128
2613,3.373,128
2614,3.353,128
2615,3.386,128
2616,3.397,128
2617,3.481,128
2618,3.48,128
2619,3.422,128
2620,3.342,128
2621,3.432,128
2622,3.406,128
2623,3.443,128
2624,3.385,128
2625,3.378,128
2626,3.371,128
2627,3.386,128
2628,3.341,128
2629,3.357,128
2630,3.424,128
2631,3.418,128
2632,3.414,128
2633,3.397,128
2634,3.444,128
2635,3.401,128
2636,3.414,128
2637,3.455,128
2638,3.445,128
2639,3.388,128
2640,3.459,128
2641,3.411,128
2642,3.417,128
2643,3.422,128
2644,3.376,128
2645,3.365,128
2646,3.34,128
2647,3.355,128
2648,3.344,128
2649,3.36,128
2650,3.36,128
2651,3.343,128
2652,3.42,128
2653,3.362,128
2654,3.359,128
2655,3.332,128
2656,3.399,128
2657,3.36,128
2658,3.348,128
2659,3.362,128
2660,3.355,128
2661,3.354,128
2662,3.358,128
2663,3.4,128
2664,3.338,128
2665,3.345,128
2666,3.355,128
2667,3.356,128
2668,3.372,128
2669,3.442,128
2670,3.366,128
2671,3.341,128
2672,3.363,128
2673,3.376,128
2674,3.405,128
2675,3.352,128
2676,3.34,128
2677,3.349,128
2678,3.341,128
2679,3.365,128
2680,3.378,128
2681,3.448,128
2682,3.356,128
2683,3.369,128
2684,3.356,128
2685,3.392,128
2686,3.34,128
2687,3.337,128
2688,3.329,128
2689,3.35,128
2690,3.462,128
2691,3.351,128
2692,3.35,128
2693,3.336,128
2694,3.357,128
2695,3.336,128
2696,3.358,128
2697,3.432,128
2698,3.34,128
2699,3.341,128
2700,3.408,128
2701,3.414,128
2702,3.391,128
2703,3.4,128
2704,3.353,128
2705,3.339,128
2706,3.385,128
2707,3.373,128
2708,3.364,128
2709,3.463,128
2710,3.352,128
2711,3.323,128
2712,3.351,128
2713,3.331,128
2714,3.355,128
2715,3.343,128
2716,3.367,128
2717,3.348,128
2718,3.372,128
2719,3.354,128
2720,3.403,128
2721,3.418,128
2722,3.438,128
2723,3.343,128
2724,3.392,128
2725,3.387,128
2726,3.355,128
2727,3.34,128
2728,3.419,128
2729,3.352,128
2730,3.326,128
2731,3.378,128
2732,3.347,128
2733,3.341,128
2734,3.426,128
2735,3.377,128
2736,3.365,128
2737,3.34,128
2738,3.366,128
2739,3.346,128
2740,3.36,128
2741,3.358,128
2742,3.402,128
2743,3.358,128
2744,3.409,128
2745,3.406,128
2746,3.399,128
2747,3.429,128
2748,3.399,128
2749,3.344,128
2750,3.363,128
2751,3.351,128
2752,3.34,128
2753,3.343,128
2754,3.331,128
2755,3.37,128
2756,3.383,128
2757,3.35,128
2758,3.343,128
2759,3.356,128
2760,3.348,128
2761,3.438,128
2762,3.344,128
2763,3.342,128
2764,3.33,128
2765,3.351,128
2766,3.368,128
2767,3.417,128
2768,3.391,128
2769,3.387,128
2770,3.37,128
2771,3.338,128
2772,3.35,128
2773,3.387,128
2774,3.406,128
2775,3.404,128
2776,3.374,128
2777,3.384,128
2778,3.408,128
2779,3.382,128
2780,3.385,128
2781,3.382,128
2782,3.333,128
2783,3.388,128
2784,3.414,128
2785,3.335,128
2786,3.348,128
2787,3.39,128
2788,3.396,128
2789,3.346,128
2790,3.33,128
2791,3.36,128
2792,3.432,128
2793,3.348,128
2794,3.353,128
2795,3.337,128
2796,3.396,128
2797,3.368,128
2798,3.364,128
2799,3.324,128
2800,3.388,128
2801,3.317,128
2802,3.418,128
2803,3.369,128
2804,3.35,128
2805,3.351,128
2806,3.369,128
2807,3.352,128
2808,3.417,128
2809,3.364,128
2810,3.437,128
2811,3.35,128
2812,3.358,128
2813,3.341,128
2814,3.338,128
2815,3.367,128
2816,3.342,128
2817,3.331,128
2818,3.34,128
2819,3.363,128
2820,3.343,128
2821,3.361,128
2822,3.352,128
2823,3.43,128
2824,3.331,128
2825,3.343,128
2826,3.345,128
2827,3.343,128
2828,3.343,128
2829,3.461,128
2830,3.389,128
2831,3.441,128
2832,3.393,128
2833,3.351,128
2834,3.368,128
2835,3.415,128
2836,3.367,128
2837,3.382,128
2838,3.357,128
2839,3.346,128
2840,3.409,128
2841,3.414,128
2842,3.4,128
2843,3.389,128
2844,3.466,128
2845,3.414,128
2846,3.388,128
2847,3.359,128
2848,3.347,128
2849,3.349,128
2850,3.424,128
2851,3.335,128
2852,3.325,128
2853,3.32,128
2854,3.382,128
2855,3.375,128
2856,3.358,128
2857,3.386,128
2858,3.365,128
2859,3.414,128
2860,3.402,128
2861,3.347,128
2862,3.404,128
2863,3.354,128
2864,3.435,128
2865,3.349,128
2866,3.345,128
2867,3.344,128
2868,3.399,128
2869,3.382,128
2870,3.47,128
2871,3.349,128
2872,3.356,128
2873,3.334,128
2874,3.451,128
2875,3.432,128
2876,3.448,128
2877,3.399,128
2878,3.38,128
2879,3.365,128
2880,3.427,128
2881,3.346,128
2882,3.355,128
2883,3.336,128
2884,3.353,128
2885,3.351,128
2886,3.374,128
2887,3.35,128
2888,3.336,128
2889,3.339,128
2890,3.371,128
2891,3.46,128
2892,3.341,128
2893,3.436,128
2894,3.388,128
2895,3.402,128
2896,3.376,128
2897,3.382,128
2898,3.379,128
2899,3.359,128
2900,3.446,128
2901,3.368,128
2902,3.404,128
2903,3.339,128
2904,3.434,128
2905,3.357,128
2906,3.339,128
2907,3.428,128
2908,3.398,128
2909,3.452,128
2910,3.507,128
2911,3.537,128
2912,3.473,128
2913,3.49,128
2914,3.425,128
2915,3.427,128
2916,3.342,128
2917,3.365,128
2918,3.398,128
2919,3.393,128
2920,3.366,128
2921,3.381,128
2922,3.39,128
2923,3.369,128
2924,3.427,128
2925,3.351,128
2926,3.362,128
2927,3.339,128
2928,3.342,128
2929,3.384,128
2930,3.365,128
2931,3.449,128
2932,3.352,128
2933,3.385,128
2934,3.364,128
2935,3.366,128
2936,3.348,128
2937,3.361,128
2938,3.35,128
2939,3.387,128
2940,3.338,128
2941,3.446,128
2942,3.413,128
2943,3.347,128
2944,3.419,128
2945,3.452,128
2946,3.374,128
2947,3.36,128
2948,3.372,128
2949,3.367,128
2950,3.356,128
2951,3.39,128
2952,3.423,128
2953,3.352,128
2954,3.365,128
2955,3.367,128
2956,3.406,128
2957,3.361,128
2958,3.376,128
2959,3.333,128
2960,3.357,128
2961,3.338,128
2962,3.379,128
2963,3.358,128
2964,3.391,128
2965,3.37,128
2966,3.406,128
2967,3.334,128
2968,3.356,128
2969,3.409,128
2970,3.342,128
2971,3.413,128
2972,3.368,128
2973,3.363,128
2974,3.408,128
2975,3.341,128
2976,3.349,128
2977,3.358,128
2978,3.333,128
2979,3.367,128
2980,3.392,128
2981,3.451,128
2982,3.364,128
2983,3.442,128
2984,3.408,128
2985,3.367,128
2986,3.388,128
2987,3.624,128
2988,3.359,128
2989,3.376,128
2990,3.373,128
2991,3.431,128
2992,3.448,128
2993,3.381,128
2994,3.339,128
2995,3.359,128
2996,3.395,128
2997,3.378,128
2998,3.362,128
2999,3.456,128
3000,3.356,128
3001,3.399,128
3002,3.389,128
3003,3.413,128
3004,3.396,128
3005,3.438,128
3006,3.391,128
3007,3.417,128
3008,3.405,128
3009,3.354,128
3010,3.457,128
3011,3.376,128
3012,3.359,128
3013,3.41,128
3014,3.365,128
3015,3.415,128
3016,3.415,128
3017,3.455,128
3018,3.372,128
3019,3.415,128
3020,3.372,128
3021,3.359,128
3022,3.388,128
3023,3.442,128
3024,3.372,128
3025,3.352,128
3026,3.387,128
3027,3.377,128
3028,3.353,128
3029,3.355,128
3030,3.338,128
3031,3.358,128
3032,3.379,128
3033,3.356,128
3034,3.352,128
3035,3.343,128
3036,3.369,128
3037,3.349,128
3038,3.392,128
3039,3.37,128
3040,3.367,128
3041,3.345,128
3042,3.344,128
3043,3.363,128
3044,3.391,128
3045,3.433,128
3046,3.405,128
3047,3.328,128
3048,3.35,128
3049,3.336,128
3050,3.358,128
3051,3.399,128
3052,3.373,128
3053,3.349,128
3054,3.382,128
3055,3.383,128
3056,3.395,128
3057,3.387,128
3058,3.355,128
3059,3.374,128
3060,3.363,128
3061,3.355,128
3062,3.352,128
3063,3.384,128
3064,3.353,128
3065,3.347,128
3066,3.36,128
3067,3.363,128
3068,3.365,128
3069,3.358,128
3070,3.388,128
3071,3.341,128
3072,3.359,128
3073,3.374,128
3074,3.358,128
3075,3.375,128
3076,3.444,128
3077,3.362,128
3078,3.346,128
3079,3.369,128
3080,3.384,128
3081,3.38,128
3082,3.451,128
3083,3.344,128
3084,3.415,128
3085,3.343,128
3086,3.349,128
3087,3.369,128
3088,3.345,128
3089,3.354,128
3090,3.362,128
3091,3.408,128
3092,3.342,128
3093,3.349,128
3094,3.37,128
3095,3.347,128
3096,3.357,128
3097,3.351,128
3098,3.405,128
3099,3.455,128
3100,3.457,128
3101,3.398,128
3102,3.334,128
3103,3.355,128
3104,3.427,128
3105,3.355,128
3106,3.348,128
3107,3.448,128
3108,3.439,128
3109,3.467,128
3110,3.359,128
3111,3.38,128
3112,3.4,128
3113,3.351,128
3114,3.379,128
3115,3.353,128
3116,3.385,128
3117,3.381,128
3118,3.349,128
3119,3.342,128
3120,3.444,128
3121,3.41,128
3122,3.358,128
3123,3.448,128
3124,3.343,128
3125,3.355,128
3126,3.348,128
3127,3.422,128
3128,3.338,128
3129,3.362,128
3130,3.4,128
3131,3.349,128
3132,3.347,128
3133,3.364,128
3134,3.456,128
3135,3.514,128
3136,3.307,128
3137,3.466,128
3138,3.911,128
3139,3.44,128
3140,3.489,128
3141,3.357,128
3142,3.486,128
3143,3.372,128
3144,3.458,128
3145,3.42,128
3146,3.375,128
3147,3.423,128
3148,3.361,128
3149,3.392,128
3150,3.349,128
3151,3.433,128
3152,3.359,128
3153,3.468,128
3154,3.38,128
3155,3.358,128
3156,3.371,128
3157,3.375,128
3158,3.427,128
3159,3.473,128
3160,3.458,128
3161,3.427,128
3162,3.439,128
3163,3.426,128
3164,3.436,128
3165,3.466,128
3166,3.493,128
3167,3.524,128
3168,3.419,128
3169,3.491,128
3170,3.605,128
3171,3.467,128
3172,3.479,128
3173,3.369,128
3174,3.313,128
3175,3.324,128
3176,3.35,128
3177,3.454,128
3178,3.317,128
3179,3.317,128
3180,3.45,128
3181,3.38,128
3182,3.361,128
3183,3.359,128
3184,3.371,128
3185,3.381,128
3186,3.414,128
3187,3.346,128
3188,3.399,128
3189,3.36,128
3190,3.445,128
3191,3.504,128
3192,3.351,128
3193,3.463,128
3194,3.385,128
3195,3.351,128
3196,3.347,128
3197,3.358,128
3198,3.348,128
3199,3.373,128
3200,3.477,128
3201,3.38,128
3202,3.368,128
3203,3.339,128
3204,3.409,128
3205,3.387,128
3206,3.364,128
3207,3.352,128
3208,3.337,128
3209,3.396,128
3210,3.349,128
3211,3.369,128
3212,3.347,128
3213,3.334,128
3214,3.347,128
3215,3.413,128
3216,3.36,128
3217,3.357,128
3218,3.351,128
3219,3.368,128
3220,3.37,128
3221,3.358,128
3222,3.369,128
3223,3.414,128
3224,3.346,128
3225,3.361,128
3226,3.369,128
3227,3.377,128
3228,3.355,128
3229,3.494,128
3230,3.346,128
3231,3.349,128
3232,3.41,128
3233,3.357,128
3234,3.409,128
3235,3.339,128
3236,3.343,128
3237,3.388,128
3238,3.372,128
3239,3.42,128
3240,3.4,128
3241,3.347,128
3242,3.345,128
3243,3.359,128
3244,3.357,128
3245,3.445,128
3246,3.413,128
3247,3.369,128
3248,3.364,128
3249,3.352,128
3250,3.384,128
3251,3.353,128
3252,3.342,128
3253,3.407,128
3254,3.428,128
3255,3.362,128
3256,3.416,128
3257,3.361,128
3258,3.367,128
3259,3.346,128
3260,3.353,128
3261,3.344,128
3262,3.453,128
3263,3.405,128
3264,3.38,128
3265,3.377,128
3266,3.345,128
3267,3.361,128
3268,3.392,128
3269,3.444,128
3270,3.336,128
3271,3.411,128
3272,3.392,128
3273,3.345,128
3274,3.345,128
3275,3.366,128
3276,3.402,128
3277,3.42,128
3278,3.326,128
3279,3.338,128
3280,3.385,128
3281,3.36,128
3282,3.346,128
3283,3.334,128
3284,3.354,128
3285,3.358,128
3286,3.355,128
3287,3.377,128
3288,3.345,128
3289,3.357,128
3290,3.391,128
3291,3.414,128
3292,3.449,128
3293,3.347,128
3294,3.387,128
3295,3.327,128
3296,3.372,128
3297,3.385,128
3298,3.364,128
3299,3.465,128
3300,3.4,128
3301,3.401,128
3302,3.344,128
3303,3.352,128
3304,3.371,128
3305,3.397,128
3306,3.461,128
3307,3.386,128
3308,3.454,128
3309,3.337,128
3310,3.354,128
3311,3.348,128
3312,3.44,128
3313,3.409,128
3314,3.414,128
3315,3.334,128
3316,3.448,128
3317,3.38,128
3318,3.376,128
3319,3.342,128
3320,3.354,128
3321,3.352,128
3322,3.4,128
3323,3.386,128
3324,3.353,128
3325,3.367,128
3326,3.341,128
3327,3.358,128
3328,3.34,128
3329,3.389,128
3330,3.352,128
3331,3.336,128
3332,3.426,128
3333,3.355,128
3334,3.379,128
3335,3.394,128
3336,3.394,128
3337,3.435,128
3338,3.338,128
3339,3.351,128
3340,3.341,128
3341,3.361,128
3342,3.391,128
3343,3.348,128
3344,3.351,128
3345,3.392,128
3346,3.433,128
3347,3.338,128
3348,3.459,128
3349,3.326,128
3350,3.336,128
3351,3.418,128
3352,3.386,128
3353,3.476,128
3354,3.37,128
3355,3.364,128
3356,3.354,128
3357,3.354,128
3358,3.355,128
3359,3.372,128
3360,3.423,128
3361,3.377,128
3362,3.36,128
3363,3.401,128
3364,3.518,128
3365,3.413,128
3366,3.465,128
3367,3.405,128
3368,3.407,128
3369,3.351,128
3370,3.448,128
3371,3.371,128
3372,3.358,128
3373,3.344,128
3374,3.352,128
3375,3.34,128
3376,3.378,128
3377,3.458,128
3378,3.369,128
3379,3.375,128
3380,3.348,128
3381,3.403,128
3382,3.408,128
3383,3.351,128
3384,3.399,128
3385,3.331,128
3386,3.371,128
3387,3.351,128
3388,3.361,128
3389,3.356,128
3390,3.378,128
3391,3.345,128
3392,3.394,128
3393,3.353,128
3394,3.349,128
3395,3.433,128
